ID,DataRow ID,Labeled Data,Label,Created By,Project Name,Created At,Updated At,Seconds to Label,External ID,Agreement,Benchmark Agreement,Benchmark ID,Benchmark Reference ID,Dataset Name,Reviews,View Label
ck9zxqxztri3z0728k3skr8ps,ck9zxkk1w0lzs0hjsdjltacb8,https://storage.labelbox.com/ck92671b5inc907412tb13y69%2Fa6577935-6328-d6ad-8867-1cba9adf101d-IMG-628.png?Expires=1592518617993&KeyName=labelbox-assets-key-1&Signature=VaIHyrxJ6NmFDGtA2xxCM6t0TF4,"{""objects"":[{""featureId"":""cka5xxw2819730y7y54h0zjmh"",""schemaId"":""cka5xsfu01fb50z8ypw5878si"",""title"":""unburnt area"",""value"":""unburnt_area"",""color"":""#FF8000"",""instanceURI"":""https://api.labelbox.com/masks/feature/cka5xxw2819730y7y54h0zjmh?token=eyJhbGciOiJIUzI1NiIsInR5cCI6IkpXVCJ9.eyJ1c2VySWQiOiJjazkyNjcxYzBpbmNmMDc0MTV2a28yMHU5Iiwib3JnYW5pemF0aW9uSWQiOiJjazkyNjcxYjVpbmM5MDc0MTJ0YjEzeTY5IiwiaWF0IjoxNTkxMzA5MDE3LCJleHAiOjE1OTM5MDEwMTd9.bQk9GkhLHB-kRUp8qYs53QkuX8GprWcsUfCdKJ_K-3k""},{""featureId"":""cka73ux9v0x1d107yw0st7t1g"",""schemaId"":""ck9zxpazt0w110z6fh05vx2wq"",""title"":""Burnt area"",""value"":""burnt_area"",""color"":""#FF0000"",""instanceURI"":""https://api.labelbox.com/masks/feature/cka73ux9v0x1d107yw0st7t1g?token=eyJhbGciOiJIUzI1NiIsInR5cCI6IkpXVCJ9.eyJ1c2VySWQiOiJjazkyNjcxYzBpbmNmMDc0MTV2a28yMHU5Iiwib3JnYW5pemF0aW9uSWQiOiJjazkyNjcxYjVpbmM5MDc0MTJ0YjEzeTY5IiwiaWF0IjoxNTkxMzA5MDE3LCJleHAiOjE1OTM5MDEwMTd9.bQk9GkhLHB-kRUp8qYs53QkuX8GprWcsUfCdKJ_K-3k""}],""classifications"":[]}",elejrv@stanford.edu,Wildfire,1589047324000,1589492598000,637.818,IMG-628.png,-1,-1,,,Test Images,[],https://editor.labelbox.com?project=ck9268gp3581e0712ckpk72uy&label=ck9zxqxztri3z0728k3skr8ps
cka08076kpyy5079956j9oxi2,ck9zxkk1w0m040hjsc1b90pm0,https://storage.labelbox.com/ck92671b5inc907412tb13y69%2F2c11263c-6784-6466-b8d7-a75457324d03-IMG-698.png?Expires=1592518618001&KeyName=labelbox-assets-key-1&Signature=re0fYmK4cG14lfUaZRN6IASiwd0,"{""objects"":[{""featureId"":""cka0803yq124l10agn2rf6w33"",""schemaId"":""ck9zxpazt0w110z6fh05vx2wq"",""title"":""Fire"",""value"":""fire"",""color"":""#FF0000"",""instanceURI"":""https://api.labelbox.com/masks/feature/cka0803yq124l10agn2rf6w33?token=eyJhbGciOiJIUzI1NiIsInR5cCI6IkpXVCJ9.eyJ1c2VySWQiOiJjazkyNjcxYzBpbmNmMDc0MTV2a28yMHU5Iiwib3JnYW5pemF0aW9uSWQiOiJjazkyNjcxYjVpbmM5MDc0MTJ0YjEzeTY5IiwiaWF0IjoxNTkxMzA5MDE3LCJleHAiOjE1OTM5MDEwMTd9.bQk9GkhLHB-kRUp8qYs53QkuX8GprWcsUfCdKJ_K-3k""}],""classifications"":[]}",elejrv@stanford.edu,Wildfire,1589064552000,1589492573000,202.647,IMG-698.png,-1,-1,,,Test Images,[],https://editor.labelbox.com?project=ck9268gp3581e0712ckpk72uy&label=cka08076kpyy5079956j9oxi2
cka080jhc537u0757ecd5t0ts,ck9zxkk1w0m0g0hjs3dye8ww3,https://storage.labelbox.com/ck92671b5inc907412tb13y69%2F116f3b6f-a833-6910-ce45-2ad659be7b65-IMG-797.png?Expires=1592518618001&KeyName=labelbox-assets-key-1&Signature=CqXa7MKb6xsXPyZD6WMrBDDCkOg,"{""objects"":[{""featureId"":""cka0exhm314v40z6fi0wiquq2"",""schemaId"":""ck9zxpazt0w110z6fh05vx2wq"",""title"":""Burnt area"",""value"":""burnt_area"",""color"":""#FF0000"",""instanceURI"":""https://api.labelbox.com/masks/feature/cka0exhm314v40z6fi0wiquq2?token=eyJhbGciOiJIUzI1NiIsInR5cCI6IkpXVCJ9.eyJ1c2VySWQiOiJjazkyNjcxYzBpbmNmMDc0MTV2a28yMHU5Iiwib3JnYW5pemF0aW9uSWQiOiJjazkyNjcxYjVpbmM5MDc0MTJ0YjEzeTY5IiwiaWF0IjoxNTkxMzA5MDE3LCJleHAiOjE1OTM5MDEwMTd9.bQk9GkhLHB-kRUp8qYs53QkuX8GprWcsUfCdKJ_K-3k""},{""featureId"":""cka5xyy5k0ndg0zagvpmdaj8r"",""schemaId"":""cka5xsfu01fb50z8ypw5878si"",""title"":""unburnt area"",""value"":""unburnt_area"",""color"":""#FF8000"",""instanceURI"":""https://api.labelbox.com/masks/feature/cka5xyy5k0ndg0zagvpmdaj8r?token=eyJhbGciOiJIUzI1NiIsInR5cCI6IkpXVCJ9.eyJ1c2VySWQiOiJjazkyNjcxYzBpbmNmMDc0MTV2a28yMHU5Iiwib3JnYW5pemF0aW9uSWQiOiJjazkyNjcxYjVpbmM5MDc0MTJ0YjEzeTY5IiwiaWF0IjoxNTkxMzA5MDE3LCJleHAiOjE1OTM5MDEwMTd9.bQk9GkhLHB-kRUp8qYs53QkuX8GprWcsUfCdKJ_K-3k""}],""classifications"":[]}",elejrv@stanford.edu,Wildfire,1589064567000,1589493761000,161.507,IMG-797.png,-1,-1,,,Test Images,[],https://editor.labelbox.com?project=ck9268gp3581e0712ckpk72uy&label=cka080jhc537u0757ecd5t0ts
cka0ffobc1onu0740knyqjnti,ck9zxkk1w0m0s0hjs1raf8aq3,https://storage.labelbox.com/ck92671b5inc907412tb13y69%2F2508bf1e-1fef-4dc2-9535-4c76f01b50a1-IMG-890.png?Expires=1592518618002&KeyName=labelbox-assets-key-1&Signature=Dji6j5hUr2f_PXv8M9FD-VSzUjg,"{""objects"":[{""featureId"":""cka0f46qh14t20z7vrwev4c6m"",""schemaId"":""ck9zxpazt0w110z6fh05vx2wq"",""title"":""Burnt area"",""value"":""burnt_area"",""color"":""#FF0000"",""instanceURI"":""https://api.labelbox.com/masks/feature/cka0f46qh14t20z7vrwev4c6m?token=eyJhbGciOiJIUzI1NiIsInR5cCI6IkpXVCJ9.eyJ1c2VySWQiOiJjazkyNjcxYzBpbmNmMDc0MTV2a28yMHU5Iiwib3JnYW5pemF0aW9uSWQiOiJjazkyNjcxYjVpbmM5MDc0MTJ0YjEzeTY5IiwiaWF0IjoxNTkxMzA5MDE3LCJleHAiOjE1OTM5MDEwMTd9.bQk9GkhLHB-kRUp8qYs53QkuX8GprWcsUfCdKJ_K-3k""},{""featureId"":""cka5y42oj0yl80z7v7rfrzplx"",""schemaId"":""cka5xsfu01fb50z8ypw5878si"",""title"":""unburnt area"",""value"":""unburnt_area"",""color"":""#FF8000"",""instanceURI"":""https://api.labelbox.com/masks/feature/cka5y42oj0yl80z7v7rfrzplx?token=eyJhbGciOiJIUzI1NiIsInR5cCI6IkpXVCJ9.eyJ1c2VySWQiOiJjazkyNjcxYzBpbmNmMDc0MTV2a28yMHU5Iiwib3JnYW5pemF0aW9uSWQiOiJjazkyNjcxYjVpbmM5MDc0MTJ0YjEzeTY5IiwiaWF0IjoxNTkxMzA5MDE3LCJleHAiOjE1OTM5MDEwMTd9.bQk9GkhLHB-kRUp8qYs53QkuX8GprWcsUfCdKJ_K-3k""}],""classifications"":[]}",elejrv@stanford.edu,Wildfire,1589077031000,1589492550000,1256.934,IMG-890.png,-1,-1,,,Test Images,[],https://editor.labelbox.com?project=ck9268gp3581e0712ckpk72uy&label=cka0ffobc1onu0740knyqjnti
cka0ffx3gg0yy0854cc3dygmn,ck9zxkk1u0lxk0hjsge6h31jj,https://storage.labelbox.com/ck92671b5inc907412tb13y69%2F98b26773-4ec2-8858-7d2d-9d9291e38fdc-IMG-7.png?Expires=1592518618003&KeyName=labelbox-assets-key-1&Signature=3U8LKDD_hGUbQRnJBa2q8hytrtQ,{},elejrv@stanford.edu,Wildfire,1589077042000,1589492522000,51.847,IMG-7.png,-1,-1,,,Test Images,[],https://editor.labelbox.com?project=ck9268gp3581e0712ckpk72uy&label=cka0ffx3gg0yy0854cc3dygmn
cka0ffyg9ahta0870qkjg3s54,ck9zxkk1v0lxw0hjs5aj495z8,https://storage.labelbox.com/ck92671b5inc907412tb13y69%2F4c638e63-7723-cff7-ff8e-f8dd66da22d1-IMG-36.png?Expires=1592518618003&KeyName=labelbox-assets-key-1&Signature=35M_NdzXtbr2ej75Am9QNokLfSM,{},elejrv@stanford.edu,Wildfire,1589077044000,1589492489000,62.563,IMG-36.png,-1,-1,,,Test Images,[],https://editor.labelbox.com?project=ck9268gp3581e0712ckpk72uy&label=cka0ffyg9ahta0870qkjg3s54
cka0fgtqnvynm0785k4titp43,ck9zxkk1v0ly80hjs3fqxcj3h,https://storage.labelbox.com/ck92671b5inc907412tb13y69%2Ff1482ba6-d544-f5d8-0836-7f9b1eadc2ae-IMG-197.png?Expires=1592518618004&KeyName=labelbox-assets-key-1&Signature=mN9eZbzIWcBzbgVzDzEx6tSPws8,"{""objects"":[{""featureId"":""cka72ff0001lr0z80b2r14w5d"",""schemaId"":""ck9zxpazt0w110z6fh05vx2wq"",""title"":""Burnt area"",""value"":""burnt_area"",""color"":""#FF0000"",""instanceURI"":""https://api.labelbox.com/masks/feature/cka72ff0001lr0z80b2r14w5d?token=eyJhbGciOiJIUzI1NiIsInR5cCI6IkpXVCJ9.eyJ1c2VySWQiOiJjazkyNjcxYzBpbmNmMDc0MTV2a28yMHU5Iiwib3JnYW5pemF0aW9uSWQiOiJjazkyNjcxYjVpbmM5MDc0MTJ0YjEzeTY5IiwiaWF0IjoxNTkxMzA5MDE3LCJleHAiOjE1OTM5MDEwMTd9.bQk9GkhLHB-kRUp8qYs53QkuX8GprWcsUfCdKJ_K-3k""}],""classifications"":[]}",elejrv@stanford.edu,Wildfire,1589077085000,1589494163000,264.808,IMG-197.png,-1,-1,,,Test Images,[],https://editor.labelbox.com?project=ck9268gp3581e0712ckpk72uy&label=cka0fgtqnvynm0785k4titp43
cka0fi1lv1psu0740dhmm4cx5,ck9zxkk1v0lyk0hjs1vgj9mqh,https://storage.labelbox.com/ck92671b5inc907412tb13y69%2F72f5f708-18f1-4ce4-bee3-2888f4a3fe89-IMG-203.png?Expires=1592518618004&KeyName=labelbox-assets-key-1&Signature=zKASdcqpo8kDTLgwjBu9C6V9ijQ,"{""objects"":[{""featureId"":""cka0fhcyo15170z7vua6agloc"",""schemaId"":""ck9zxpazt0w110z6fh05vx2wq"",""title"":""Burnt area"",""value"":""burnt_area"",""color"":""#FF0000"",""instanceURI"":""https://api.labelbox.com/masks/feature/cka0fhcyo15170z7vua6agloc?token=eyJhbGciOiJIUzI1NiIsInR5cCI6IkpXVCJ9.eyJ1c2VySWQiOiJjazkyNjcxYzBpbmNmMDc0MTV2a28yMHU5Iiwib3JnYW5pemF0aW9uSWQiOiJjazkyNjcxYjVpbmM5MDc0MTJ0YjEzeTY5IiwiaWF0IjoxNTkxMzA5MDE3LCJleHAiOjE1OTM5MDEwMTd9.bQk9GkhLHB-kRUp8qYs53QkuX8GprWcsUfCdKJ_K-3k""}],""classifications"":[]}",elejrv@stanford.edu,Wildfire,1589077141000,1589492352000,297.308,IMG-203.png,-1,-1,,,Test Images,[],https://editor.labelbox.com?project=ck9268gp3581e0712ckpk72uy&label=cka0fi1lv1psu0740dhmm4cx5
cka0fnzqn1t6e07409wr8b90t,ck9zxkk1v0lyw0hjs9da3eoa5,https://storage.labelbox.com/ck92671b5inc907412tb13y69%2Fc9e857f4-4977-caaa-3b71-6f5b1ca06bdb-IMG-373.png?Expires=1592518618004&KeyName=labelbox-assets-key-1&Signature=WkIMhHvNVkV-HemDgrFHJwYxZ-k,"{""objects"":[{""featureId"":""cka0fj7fq14w310agrfbve11f"",""schemaId"":""ck9zxpazt0w110z6fh05vx2wq"",""title"":""Fire"",""value"":""fire"",""color"":""#FF0000"",""instanceURI"":""https://api.labelbox.com/masks/feature/cka0fj7fq14w310agrfbve11f?token=eyJhbGciOiJIUzI1NiIsInR5cCI6IkpXVCJ9.eyJ1c2VySWQiOiJjazkyNjcxYzBpbmNmMDc0MTV2a28yMHU5Iiwib3JnYW5pemF0aW9uSWQiOiJjazkyNjcxYjVpbmM5MDc0MTJ0YjEzeTY5IiwiaWF0IjoxNTkxMzA5MDE3LCJleHAiOjE1OTM5MDEwMTd9.bQk9GkhLHB-kRUp8qYs53QkuX8GprWcsUfCdKJ_K-3k""}],""classifications"":[]}",elejrv@stanford.edu,Wildfire,1589077419000,1589492346000,324.051,IMG-373.png,-1,-1,,,Test Images,[],https://editor.labelbox.com?project=ck9268gp3581e0712ckpk72uy&label=cka0fnzqn1t6e07409wr8b90t
cka0fww2nu3pe0728r79lnbi0,ck9zxkk1w0lz80hjs02n8c23s,https://storage.labelbox.com/ck92671b5inc907412tb13y69%2F55b6ddbd-090c-210a-f743-a560673b784d-IMG-516.png?Expires=1592518618005&KeyName=labelbox-assets-key-1&Signature=MUhFp2ji3L0Ho9C6y3tByGOGbtQ,{},elejrv@stanford.edu,Wildfire,1589077834000,1589492967000,40.19,IMG-516.png,-1,-1,,,Test Images,[],https://editor.labelbox.com?project=ck9268gp3581e0712ckpk72uy&label=cka0fww2nu3pe0728r79lnbi0
cka0fwygjap340870ce9k7ys2,ck9zxkk1w0lzk0hjsbtvx56v2,https://storage.labelbox.com/ck92671b5inc907412tb13y69%2F3a2daffe-a9c1-e2b5-d5e7-e3af71337a49-IMG-580.png?Expires=1592518618005&KeyName=labelbox-assets-key-1&Signature=K7TemFLKY73Ok7Eblqtpi1Qx93c,{},elejrv@stanford.edu,Wildfire,1589077837000,1589492848000,113.777,IMG-580.png,-1,-1,,,Test Images,[],https://editor.labelbox.com?project=ck9268gp3581e0712ckpk72uy&label=cka0fwygjap340870ce9k7ys2
cka0fx2fd6lqd0757yiwlw106,ck9zxkk1w0lzw0hjs9arlakb6,https://storage.labelbox.com/ck92671b5inc907412tb13y69%2F1eec84f8-96e4-0069-328b-31d82b626827-IMG-635.png?Expires=1592518618006&KeyName=labelbox-assets-key-1&Signature=CdbU-jow67Y3z8rj2f0o1mrmxgY,"{""objects"":[{""featureId"":""cka73ssug0wzo107y6bw0vb7l"",""schemaId"":""ck9zxpazt0w110z6fh05vx2wq"",""title"":""Burnt area"",""value"":""burnt_area"",""color"":""#FF0000"",""instanceURI"":""https://api.labelbox.com/masks/feature/cka73ssug0wzo107y6bw0vb7l?token=eyJhbGciOiJIUzI1NiIsInR5cCI6IkpXVCJ9.eyJ1c2VySWQiOiJjazkyNjcxYzBpbmNmMDc0MTV2a28yMHU5Iiwib3JnYW5pemF0aW9uSWQiOiJjazkyNjcxYjVpbmM5MDc0MTJ0YjEzeTY5IiwiaWF0IjoxNTkxMzA5MDE3LCJleHAiOjE1OTM5MDEwMTd9.bQk9GkhLHB-kRUp8qYs53QkuX8GprWcsUfCdKJ_K-3k""}],""classifications"":[]}",elejrv@stanford.edu,Wildfire,1589077842000,1589493745000,196.546,IMG-635.png,-1,-1,,,Test Images,[],https://editor.labelbox.com?project=ck9268gp3581e0712ckpk72uy&label=cka0fx2fd6lqd0757yiwlw106
cka0g6cl51zha0740chvtr25u,ck9zxkk1w0m080hjs2zj2bn5w,https://storage.labelbox.com/ck92671b5inc907412tb13y69%2Fe1f69b97-54dc-3693-5743-043cc1b6ee90-IMG-722.png?Expires=1592518618006&KeyName=labelbox-assets-key-1&Signature=qgkz7Xk7cl-wPhqZNyMqQlQHQxk,"{""objects"":[{""featureId"":""cka73r89c0gay0yagqqk2y94c"",""schemaId"":""ck9zxpazt0w110z6fh05vx2wq"",""title"":""Burnt area"",""value"":""burnt_area"",""color"":""#FF0000"",""instanceURI"":""https://api.labelbox.com/masks/feature/cka73r89c0gay0yagqqk2y94c?token=eyJhbGciOiJIUzI1NiIsInR5cCI6IkpXVCJ9.eyJ1c2VySWQiOiJjazkyNjcxYzBpbmNmMDc0MTV2a28yMHU5Iiwib3JnYW5pemF0aW9uSWQiOiJjazkyNjcxYjVpbmM5MDc0MTJ0YjEzeTY5IiwiaWF0IjoxNTkxMzA5MDE3LCJleHAiOjE1OTM5MDEwMTd9.bQk9GkhLHB-kRUp8qYs53QkuX8GprWcsUfCdKJ_K-3k""}],""classifications"":[]}",elejrv@stanford.edu,Wildfire,1589078275000,1589492841000,881.183,IMG-722.png,-1,-1,cka63cvw5wx0q0851nztl7bi6,,Test Images,[],https://editor.labelbox.com?project=ck9268gp3581e0712ckpk72uy&label=cka0g6cl51zha0740chvtr25u
cka1h0zmb9taq0740tyvz51id,ck9zxkk1w0m0k0hjs1fw7ck2k,https://storage.labelbox.com/ck92671b5inc907412tb13y69%2F58097f5e-17f3-dcec-a6a4-37106ee92173-IMG-812.png?Expires=1592518618007&KeyName=labelbox-assets-key-1&Signature=AGCvTp9bdJxIZHCrt9RHj06bzZs,"{""objects"":[{""featureId"":""cka0gbd8601f8107x63qvr4zr"",""schemaId"":""ck9zxpazt0w110z6fh05vx2wq"",""title"":""Burnt area"",""value"":""burnt_area"",""color"":""#FF0000"",""instanceURI"":""https://api.labelbox.com/masks/feature/cka0gbd8601f8107x63qvr4zr?token=eyJhbGciOiJIUzI1NiIsInR5cCI6IkpXVCJ9.eyJ1c2VySWQiOiJjazkyNjcxYzBpbmNmMDc0MTV2a28yMHU5Iiwib3JnYW5pemF0aW9uSWQiOiJjazkyNjcxYjVpbmM5MDc0MTJ0YjEzeTY5IiwiaWF0IjoxNTkxMzA5MDE3LCJleHAiOjE1OTM5MDEwMTd9.bQk9GkhLHB-kRUp8qYs53QkuX8GprWcsUfCdKJ_K-3k""}],""classifications"":[]}",elejrv@stanford.edu,Wildfire,1589140171000,1589477755000,601.445,IMG-812.png,-1,-1,,,Test Images,[],https://editor.labelbox.com?project=ck9268gp3581e0712ckpk72uy&label=cka1h0zmb9taq0740tyvz51id
cka631jry9msb0870qeofonjq,ck9zxkk1v0lxo0hjs1wzrhj3j,https://storage.labelbox.com/ck92671b5inc907412tb13y69%2Ffc833b63-b6ba-1dae-593e-9b5dd9e93211-IMG-16.png?Expires=1592518618007&KeyName=labelbox-assets-key-1&Signature=X7VaGG4werZLGDcP6LLXuT6LrEM,"{""objects"":[{""featureId"":""cka73n8e80wvz107y2j6t20x5"",""schemaId"":""ck9zxpazt0w110z6fh05vx2wq"",""title"":""Burnt area"",""value"":""burnt_area"",""color"":""#FF0000"",""instanceURI"":""https://api.labelbox.com/masks/feature/cka73n8e80wvz107y2j6t20x5?token=eyJhbGciOiJIUzI1NiIsInR5cCI6IkpXVCJ9.eyJ1c2VySWQiOiJjazkyNjcxYzBpbmNmMDc0MTV2a28yMHU5Iiwib3JnYW5pemF0aW9uSWQiOiJjazkyNjcxYjVpbmM5MDc0MTJ0YjEzeTY5IiwiaWF0IjoxNTkxMzA5MDE3LCJleHAiOjE1OTM5MDEwMTd9.bQk9GkhLHB-kRUp8qYs53QkuX8GprWcsUfCdKJ_K-3k""}],""classifications"":[]}",elejrv@stanford.edu,Wildfire,1589419013000,1589492834000,378.253,IMG-16.png,-1,-1,,,Test Images,[],https://editor.labelbox.com?project=ck9268gp3581e0712ckpk72uy&label=cka631jry9msb0870qeofonjq
cka631lebws000851mjf3l7bf,ck9zxkk1v0ly00hjs1qqc6gls,https://storage.labelbox.com/ck92671b5inc907412tb13y69%2F3b5f0490-27cf-9d4b-a9d2-71341e25a35c-IMG-172.png?Expires=1592518618007&KeyName=labelbox-assets-key-1&Signature=gIDuI5g13lpJvq9aDnBU8NvIqEA,"{""objects"":[{""featureId"":""cka71vprt0nhc0y7vshz0gm0j"",""schemaId"":""ck9zxpazt0w110z6fh05vx2wq"",""title"":""Burnt area"",""value"":""burnt_area"",""color"":""#FF0000"",""instanceURI"":""https://api.labelbox.com/masks/feature/cka71vprt0nhc0y7vshz0gm0j?token=eyJhbGciOiJIUzI1NiIsInR5cCI6IkpXVCJ9.eyJ1c2VySWQiOiJjazkyNjcxYzBpbmNmMDc0MTV2a28yMHU5Iiwib3JnYW5pemF0aW9uSWQiOiJjazkyNjcxYjVpbmM5MDc0MTJ0YjEzeTY5IiwiaWF0IjoxNTkxMzA5MDE3LCJleHAiOjE1OTM5MDEwMTd9.bQk9GkhLHB-kRUp8qYs53QkuX8GprWcsUfCdKJ_K-3k""}],""classifications"":[]}",elejrv@stanford.edu,Wildfire,1589419016000,1589493170000,381.053,IMG-172.png,-1,-1,,,Test Images,[],https://editor.labelbox.com?project=ck9268gp3581e0712ckpk72uy&label=cka631lebws000851mjf3l7bf
cka631mp3t0lj0728jnz67gew,ck9zxkk1v0lyc0hjs4raf7s2s,https://storage.labelbox.com/ck92671b5inc907412tb13y69%2F3b972145-dcc2-1bd9-ceb0-6ab664db91af-IMG-199.png?Expires=1592518618008&KeyName=labelbox-assets-key-1&Signature=lHQzYrC_rHCKpUWzKj6gqAppVos,"{""objects"":[{""featureId"":""cka6b32nz0bmp0y63wk5nzuvr"",""schemaId"":""ck9zxpazt0w110z6fh05vx2wq"",""title"":""Burnt area"",""value"":""burnt_area"",""color"":""#FF0000"",""instanceURI"":""https://api.labelbox.com/masks/feature/cka6b32nz0bmp0y63wk5nzuvr?token=eyJhbGciOiJIUzI1NiIsInR5cCI6IkpXVCJ9.eyJ1c2VySWQiOiJjazkyNjcxYzBpbmNmMDc0MTV2a28yMHU5Iiwib3JnYW5pemF0aW9uSWQiOiJjazkyNjcxYjVpbmM5MDc0MTJ0YjEzeTY5IiwiaWF0IjoxNTkxMzA5MDE3LCJleHAiOjE1OTM5MDEwMTd9.bQk9GkhLHB-kRUp8qYs53QkuX8GprWcsUfCdKJ_K-3k""}],""classifications"":[]}",elejrv@stanford.edu,Wildfire,1589419017000,1589492745000,439.587,IMG-199.png,-1,-1,,,Test Images,[],https://editor.labelbox.com?project=ck9268gp3581e0712ckpk72uy&label=cka631mp3t0lj0728jnz67gew
cka72mn3bcyez0785i64p8ik0,ck9zxkk1v0lyo0hjsd2v6143m,https://storage.labelbox.com/ck92671b5inc907412tb13y69%2F84bc7be7-b575-8929-68b5-c66c48b333ab-IMG-226.png?Expires=1592518618008&KeyName=labelbox-assets-key-1&Signature=PBkh1ipirYdnz5HIgF4BfD_7wSk,{},elejrv@stanford.edu,Wildfire,1589478784000,1589492662000,86.102,IMG-226.png,-1,-1,,,Test Images,[],https://editor.labelbox.com?project=ck9268gp3581e0712ckpk72uy&label=cka72mn3bcyez0785i64p8ik0
cka72mqs98oq80714h8wp2gkt,ck9zxkk1v0lz00hjs4j1u1zrx,https://storage.labelbox.com/ck92671b5inc907412tb13y69%2F6297c861-743e-7db2-5a29-8c92549a85e8-IMG-457.png?Expires=1592518618009&KeyName=labelbox-assets-key-1&Signature=xvkCbxl2jckInEof0G62ixaHqD0,{},elejrv@stanford.edu,Wildfire,1589478789000,1589492629000,3.959,IMG-457.png,-1,-1,,,Test Images,[],https://editor.labelbox.com?project=ck9268gp3581e0712ckpk72uy&label=cka72mqs98oq80714h8wp2gkt
cka72pr218pkp07140u5kkogg,ck9zxkk1w0lzc0hjs7bqz6u7w,https://storage.labelbox.com/ck92671b5inc907412tb13y69%2Fd330d849-7c76-83d7-7755-ae83ad2b1efb-IMG-535.png?Expires=1592518618009&KeyName=labelbox-assets-key-1&Signature=wwKriD3yjpYGu2TblQDEIZ94XJ0,"{""objects"":[{""featureId"":""cka72ny1h0rhn0z48a7r6qoha"",""schemaId"":""ck9zxpazt0w110z6fh05vx2wq"",""title"":""Burnt area"",""value"":""burnt_area"",""color"":""#FF0000"",""instanceURI"":""https://api.labelbox.com/masks/feature/cka72ny1h0rhn0z48a7r6qoha?token=eyJhbGciOiJIUzI1NiIsInR5cCI6IkpXVCJ9.eyJ1c2VySWQiOiJjazkyNjcxYzBpbmNmMDc0MTV2a28yMHU5Iiwib3JnYW5pemF0aW9uSWQiOiJjazkyNjcxYjVpbmM5MDc0MTJ0YjEzeTY5IiwiaWF0IjoxNTkxMzA5MDE3LCJleHAiOjE1OTM5MDEwMTd9.bQk9GkhLHB-kRUp8qYs53QkuX8GprWcsUfCdKJ_K-3k""}],""classifications"":[]}",elejrv@stanford.edu,Wildfire,1589478929000,1589492961000,113.049,IMG-535.png,-1,-1,,,Test Images,[],https://editor.labelbox.com?project=ck9268gp3581e0712ckpk72uy&label=cka72pr218pkp07140u5kkogg
cka72pth6czcd0785v893cmqb,ck9zxkk1w0lzo0hjsbsvq93mm,https://storage.labelbox.com/ck92671b5inc907412tb13y69%2F5d146d0e-4bf7-399b-a26b-1948b71ca0ca-IMG-592.png?Expires=1592518618010&KeyName=labelbox-assets-key-1&Signature=1QRE_ZyEdNWhzc1c_cGYuVSCSR0,{},elejrv@stanford.edu,Wildfire,1589478932000,1589493734000,27.25,IMG-592.png,-1,-1,,,Test Images,[],https://editor.labelbox.com?project=ck9268gp3581e0712ckpk72uy&label=cka72pth6czcd0785v893cmqb
cka734zzwf3b60851m6i0fyo8,ck9zxkk1w0m0c0hjscd3ya001,https://storage.labelbox.com/ck92671b5inc907412tb13y69%2F15b364fd-90b6-cf92-ad9e-a53b2dbc4efb-IMG-793.png?Expires=1592518618010&KeyName=labelbox-assets-key-1&Signature=oCitv7vMkBosgVoAXAwY1ElahP8,"{""objects"":[{""featureId"":""cka733hhp024s0z80q8gxism8"",""schemaId"":""ck9zxpazt0w110z6fh05vx2wq"",""title"":""Burnt area"",""value"":""burnt_area"",""color"":""#FF0000"",""instanceURI"":""https://api.labelbox.com/masks/feature/cka733hhp024s0z80q8gxism8?token=eyJhbGciOiJIUzI1NiIsInR5cCI6IkpXVCJ9.eyJ1c2VySWQiOiJjazkyNjcxYzBpbmNmMDc0MTV2a28yMHU5Iiwib3JnYW5pemF0aW9uSWQiOiJjazkyNjcxYjVpbmM5MDc0MTJ0YjEzeTY5IiwiaWF0IjoxNTkxMzA5MDE3LCJleHAiOjE1OTM5MDEwMTd9.bQk9GkhLHB-kRUp8qYs53QkuX8GprWcsUfCdKJ_K-3k""}],""classifications"":[]}",elejrv@stanford.edu,Wildfire,1589479641000,1589492930000,157.799,IMG-793.png,-1,-1,,,Test Images,[],https://editor.labelbox.com?project=ck9268gp3581e0712ckpk72uy&label=cka734zzwf3b60851m6i0fyo8
cka7378i38vtn07140hthhq1d,ck9zxkk1w0m000hjsbk829jgf,https://storage.labelbox.com/ck92671b5inc907412tb13y69%2F60b29cca-85bc-7619-7386-db02e2db6641-IMG-673.png?Expires=1592518618011&KeyName=labelbox-assets-key-1&Signature=pb05sy5X4kwQQWMJDn5xN4zXYn4,"{""objects"":[{""featureId"":""cka735dxx02620z80algsm9nz"",""schemaId"":""ck9zxpazt0w110z6fh05vx2wq"",""title"":""Burnt area"",""value"":""burnt_area"",""color"":""#FF0000"",""instanceURI"":""https://api.labelbox.com/masks/feature/cka735dxx02620z80algsm9nz?token=eyJhbGciOiJIUzI1NiIsInR5cCI6IkpXVCJ9.eyJ1c2VySWQiOiJjazkyNjcxYzBpbmNmMDc0MTV2a28yMHU5Iiwib3JnYW5pemF0aW9uSWQiOiJjazkyNjcxYjVpbmM5MDc0MTJ0YjEzeTY5IiwiaWF0IjoxNTkxMzA5MDE3LCJleHAiOjE1OTM5MDEwMTd9.bQk9GkhLHB-kRUp8qYs53QkuX8GprWcsUfCdKJ_K-3k""}],""classifications"":[]}",elejrv@stanford.edu,Wildfire,1589479745000,1589492927000,335.69,IMG-673.png,-1,-1,,,Test Images,[],https://editor.labelbox.com?project=ck9268gp3581e0712ckpk72uy&label=cka7378i38vtn07140hthhq1d
cka738c6u8w5m0714nxx5h5pt,ck9zxkk1w0m0o0hjs8bp058l6,https://storage.labelbox.com/ck92671b5inc907412tb13y69%2F6c073e41-04c6-5331-2ce5-e20c7206e367-IMG-864.png?Expires=1592518618011&KeyName=labelbox-assets-key-1&Signature=OZN9q3RrsQjcPOlyS2Ir7XpG1pw,"{""objects"":[{""featureId"":""cka737ebo027x0z80fg51klms"",""schemaId"":""ck9zxpazt0w110z6fh05vx2wq"",""title"":""Burnt area"",""value"":""burnt_area"",""color"":""#FF0000"",""instanceURI"":""https://api.labelbox.com/masks/feature/cka737ebo027x0z80fg51klms?token=eyJhbGciOiJIUzI1NiIsInR5cCI6IkpXVCJ9.eyJ1c2VySWQiOiJjazkyNjcxYzBpbmNmMDc0MTV2a28yMHU5Iiwib3JnYW5pemF0aW9uSWQiOiJjazkyNjcxYjVpbmM5MDc0MTJ0YjEzeTY5IiwiaWF0IjoxNTkxMzA5MDE3LCJleHAiOjE1OTM5MDEwMTd9.bQk9GkhLHB-kRUp8qYs53QkuX8GprWcsUfCdKJ_K-3k""}],""classifications"":[]}",elejrv@stanford.edu,Wildfire,1589479796000,1589492924000,68.937,IMG-864.png,-1,-1,,,Test Images,[],https://editor.labelbox.com?project=ck9268gp3581e0712ckpk72uy&label=cka738c6u8w5m0714nxx5h5pt
cka73cfr48xld0714fejtwjhg,ck9zxkk1v0lxs0hjse4d9egxx,https://storage.labelbox.com/ck92671b5inc907412tb13y69%2F652e692e-54eb-01d0-22e5-8eb59eb2747d-IMG-21.png?Expires=1592518618012&KeyName=labelbox-assets-key-1&Signature=M7_Jrt8fUUNRRGdQtbDxTrNuork,"{""objects"":[{""featureId"":""cka738qhr0fy50yag3qpotj74"",""schemaId"":""ck9zxpazt0w110z6fh05vx2wq"",""title"":""Burnt area"",""value"":""burnt_area"",""color"":""#FF0000"",""instanceURI"":""https://api.labelbox.com/masks/feature/cka738qhr0fy50yag3qpotj74?token=eyJhbGciOiJIUzI1NiIsInR5cCI6IkpXVCJ9.eyJ1c2VySWQiOiJjazkyNjcxYzBpbmNmMDc0MTV2a28yMHU5Iiwib3JnYW5pemF0aW9uSWQiOiJjazkyNjcxYjVpbmM5MDc0MTJ0YjEzeTY5IiwiaWF0IjoxNTkxMzA5MDE3LCJleHAiOjE1OTM5MDEwMTd9.bQk9GkhLHB-kRUp8qYs53QkuX8GprWcsUfCdKJ_K-3k""}],""classifications"":[]}",elejrv@stanford.edu,Wildfire,1589479988000,1589494045000,193.098,IMG-21.png,-1,-1,,,Test Images,[],https://editor.labelbox.com?project=ck9268gp3581e0712ckpk72uy&label=cka73cfr48xld0714fejtwjhg
cka73cvbbd7aj0785dn9xj65o,ck9zxkk1v0ly40hjs5il6gqjr,https://storage.labelbox.com/ck92671b5inc907412tb13y69%2F51e7e233-b350-0cb9-e8f0-5209ef845dc3-IMG-192.png?Expires=1592518618012&KeyName=labelbox-assets-key-1&Signature=3q3RiQ1CJPKlkCcfEMvl_9Y3J6Y,"{""objects"":[{""featureId"":""cka73csdg0wog107yi23hx4qg"",""schemaId"":""ck9zxpazt0w110z6fh05vx2wq"",""title"":""Burnt area"",""value"":""burnt_area"",""color"":""#FF0000"",""instanceURI"":""https://api.labelbox.com/masks/feature/cka73csdg0wog107yi23hx4qg?token=eyJhbGciOiJIUzI1NiIsInR5cCI6IkpXVCJ9.eyJ1c2VySWQiOiJjazkyNjcxYzBpbmNmMDc0MTV2a28yMHU5Iiwib3JnYW5pemF0aW9uSWQiOiJjazkyNjcxYjVpbmM5MDc0MTJ0YjEzeTY5IiwiaWF0IjoxNTkxMzA5MDE3LCJleHAiOjE1OTM5MDEwMTd9.bQk9GkhLHB-kRUp8qYs53QkuX8GprWcsUfCdKJ_K-3k""}],""classifications"":[]}",elejrv@stanford.edu,Wildfire,1589480008000,1589492897000,21.67,IMG-192.png,-1,-1,,,Test Images,[],https://editor.labelbox.com?project=ck9268gp3581e0712ckpk72uy&label=cka73cvbbd7aj0785dn9xj65o
cka73gbbfxaky0854ucbtt7jk,ck9zxkk1v0lyg0hjs8wjteeid,https://storage.labelbox.com/ck92671b5inc907412tb13y69%2Fec046897-6ac9-9883-c4ee-513ebc89c7cd-IMG-200.png?Expires=1592518618013&KeyName=labelbox-assets-key-1&Signature=0gVXnh7RRnXW9fPGKbSkO13zIQA,"{""objects"":[{""featureId"":""cka73db4s0wos107yqqol48xc"",""schemaId"":""ck9zxpazt0w110z6fh05vx2wq"",""title"":""Burnt area"",""value"":""burnt_area"",""color"":""#FF0000"",""instanceURI"":""https://api.labelbox.com/masks/feature/cka73db4s0wos107yqqol48xc?token=eyJhbGciOiJIUzI1NiIsInR5cCI6IkpXVCJ9.eyJ1c2VySWQiOiJjazkyNjcxYzBpbmNmMDc0MTV2a28yMHU5Iiwib3JnYW5pemF0aW9uSWQiOiJjazkyNjcxYjVpbmM5MDc0MTJ0YjEzeTY5IiwiaWF0IjoxNTkxMzA5MDE3LCJleHAiOjE1OTM5MDEwMTd9.bQk9GkhLHB-kRUp8qYs53QkuX8GprWcsUfCdKJ_K-3k""}],""classifications"":[]}",elejrv@stanford.edu,Wildfire,1589480169000,1589493851000,186.389,IMG-200.png,-1,-1,,,Test Images,[],https://editor.labelbox.com?project=ck9268gp3581e0712ckpk72uy&label=cka73gbbfxaky0854ucbtt7jk
cka73jbsjnyg807579whrsbtn,ck9zxkk1v0lys0hjsfnbreeqs,https://storage.labelbox.com/ck92671b5inc907412tb13y69%2F618873e9-09a2-f3bf-a8c8-73b941d3275e-IMG-348.png?Expires=1592518618013&KeyName=labelbox-assets-key-1&Signature=PwQKjWTZDUuQyUT0b65TCWrGzwg,"{""objects"":[{""featureId"":""cka73gm240g3v0yagghz8y1nx"",""schemaId"":""ck9zxpazt0w110z6fh05vx2wq"",""title"":""Burnt area"",""value"":""burnt_area"",""color"":""#FF0000"",""instanceURI"":""https://api.labelbox.com/masks/feature/cka73gm240g3v0yagghz8y1nx?token=eyJhbGciOiJIUzI1NiIsInR5cCI6IkpXVCJ9.eyJ1c2VySWQiOiJjazkyNjcxYzBpbmNmMDc0MTV2a28yMHU5Iiwib3JnYW5pemF0aW9uSWQiOiJjazkyNjcxYjVpbmM5MDc0MTJ0YjEzeTY5IiwiaWF0IjoxNTkxMzA5MDE3LCJleHAiOjE1OTM5MDEwMTd9.bQk9GkhLHB-kRUp8qYs53QkuX8GprWcsUfCdKJ_K-3k""}],""classifications"":[]}",elejrv@stanford.edu,Wildfire,1589480309000,1589492859000,145.113,IMG-348.png,-1,-1,,,Test Images,[],https://editor.labelbox.com?project=ck9268gp3581e0712ckpk72uy&label=cka73jbsjnyg807579whrsbtn
cka73jegws1a50870xt7as5ch,ck9zxkk1v0lz40hjs701o2ndx,https://storage.labelbox.com/ck92671b5inc907412tb13y69%2Ff159144f-ab20-a93e-243a-d36b30f16eea-IMG-462.png?Expires=1592518618014&KeyName=labelbox-assets-key-1&Signature=6f5KBccLBeOVZecsrzDwFKJtRrA,{},elejrv@stanford.edu,Wildfire,1589480313000,1589480313000,2.683,IMG-462.png,-1,-1,,,Test Images,[],https://editor.labelbox.com?project=ck9268gp3581e0712ckpk72uy&label=cka73jegws1a50870xt7as5ch
cka73kaywf8600851pp5c7fde,ck9zxkk1w0lzg0hjsfw7hewdi,https://storage.labelbox.com/ck92671b5inc907412tb13y69%2F79b77510-7f0d-c89c-7b10-0997a08bf1b5-IMG-557.png?Expires=1592518618014&KeyName=labelbox-assets-key-1&Signature=r2bRtj_tkGYrq3Cu4z6k5VD02tY,"{""objects"":[{""featureId"":""cka73k8gj0wu9107yus80y4h1"",""schemaId"":""ck9zxpazt0w110z6fh05vx2wq"",""title"":""Burnt area"",""value"":""burnt_area"",""color"":""#FF0000"",""instanceURI"":""https://api.labelbox.com/masks/feature/cka73k8gj0wu9107yus80y4h1?token=eyJhbGciOiJIUzI1NiIsInR5cCI6IkpXVCJ9.eyJ1c2VySWQiOiJjazkyNjcxYzBpbmNmMDc0MTV2a28yMHU5Iiwib3JnYW5pemF0aW9uSWQiOiJjazkyNjcxYjVpbmM5MDc0MTJ0YjEzeTY5IiwiaWF0IjoxNTkxMzA5MDE3LCJleHAiOjE1OTM5MDEwMTd9.bQk9GkhLHB-kRUp8qYs53QkuX8GprWcsUfCdKJ_K-3k""}],""classifications"":[]}",elejrv@stanford.edu,Wildfire,1589480355000,1589676455000,230.523,IMG-557.png,-1,-1,,,Test Images,[],https://editor.labelbox.com?project=ck9268gp3581e0712ckpk72uy&label=cka73kaywf8600851pp5c7fde
ckaachx2n9lcl0918ii5u2zgi,ckaacdetmvo570hjsccdd6kps,https://storage.labelbox.com/ck92671b5inc907412tb13y69%2F842c9d46-5e60-dfc2-ae99-b42dd45f8dd0-MSI_20191216_S2.png?Expires=1592518618015&KeyName=labelbox-assets-key-1&Signature=OJ3FAeMsiuf1yQlUTzvaRemuSuY,{},elejrv@stanford.edu,Wildfire,1589676758000,1589747997000,7.007,MSI_20191216_S2.png,-1,-1,,,Satelite_photos_0516,[],https://editor.labelbox.com?project=ck9268gp3581e0712ckpk72uy&label=ckaachx2n9lcl0918ii5u2zgi
ckaacio0s9lmq0918jfs7reze,ckaacdetnvo5j0hjsdjighiw2,https://storage.labelbox.com/ck92671b5inc907412tb13y69%2Fbdb49692-660f-ea46-a08f-dcd0265b2253-MSI_20191221_S2.png?Expires=1592518618015&KeyName=labelbox-assets-key-1&Signature=AjCRQoVQirqw6GrGNDeBNG-ErL8,"{""objects"":[{""featureId"":""ckaacimlh05tb0z8cdxlnhf92"",""schemaId"":""ck9zxpazt0w110z6fh05vx2wq"",""title"":""Burnt area"",""value"":""burnt_area"",""color"":""#FF0000"",""instanceURI"":""https://api.labelbox.com/masks/feature/ckaacimlh05tb0z8cdxlnhf92?token=eyJhbGciOiJIUzI1NiIsInR5cCI6IkpXVCJ9.eyJ1c2VySWQiOiJjazkyNjcxYzBpbmNmMDc0MTV2a28yMHU5Iiwib3JnYW5pemF0aW9uSWQiOiJjazkyNjcxYjVpbmM5MDc0MTJ0YjEzeTY5IiwiaWF0IjoxNTkxMzA5MDE3LCJleHAiOjE1OTM5MDEwMTd9.bQk9GkhLHB-kRUp8qYs53QkuX8GprWcsUfCdKJ_K-3k""}],""classifications"":[]}",elejrv@stanford.edu,Wildfire,1589676793000,1589747993000,35.312,MSI_20191221_S2.png,-1,-1,,,Satelite_photos_0516,[],https://editor.labelbox.com?project=ck9268gp3581e0712ckpk72uy&label=ckaacio0s9lmq0918jfs7reze
ckaackja4m2kz0700kgh1yanp,ckaacdetnvo5v0hjsfp9t2yzd,https://storage.labelbox.com/ck92671b5inc907412tb13y69%2F34d6449d-c361-a362-c1a6-3c3ae18dd06f-MSI_20191226_S2.png?Expires=1592518618016&KeyName=labelbox-assets-key-1&Signature=zwSSS5p7vK-ca407-vejI4ZftlI,"{""objects"":[{""featureId"":""ckaacjrsf05u20z8crvh8091x"",""schemaId"":""ck9zxpazt0w110z6fh05vx2wq"",""title"":""Burnt area"",""value"":""burnt_area"",""color"":""#FF0000"",""instanceURI"":""https://api.labelbox.com/masks/feature/ckaacjrsf05u20z8crvh8091x?token=eyJhbGciOiJIUzI1NiIsInR5cCI6IkpXVCJ9.eyJ1c2VySWQiOiJjazkyNjcxYzBpbmNmMDc0MTV2a28yMHU5Iiwib3JnYW5pemF0aW9uSWQiOiJjazkyNjcxYjVpbmM5MDc0MTJ0YjEzeTY5IiwiaWF0IjoxNTkxMzA5MDE3LCJleHAiOjE1OTM5MDEwMTd9.bQk9GkhLHB-kRUp8qYs53QkuX8GprWcsUfCdKJ_K-3k""}],""classifications"":[]}",elejrv@stanford.edu,Wildfire,1589676881000,1589747989000,99.42,MSI_20191226_S2.png,-1,-1,,,Satelite_photos_0516,[],https://editor.labelbox.com?project=ck9268gp3581e0712ckpk72uy&label=ckaackja4m2kz0700kgh1yanp
ckaacl2ki1bn20757vqrm9h1o,ckaacdetnvo670hjs2x2o5o1f,https://storage.labelbox.com/ck92671b5inc907412tb13y69%2F9a83af57-8c1b-8e78-f9ec-c4a0b56c573f-MSI_20191228_S2.png?Expires=1592518618016&KeyName=labelbox-assets-key-1&Signature=WPiFd60HVVmbKQQSI3hBURLTeMk,"{""objects"":[{""featureId"":""ckaacl1iv0zqw109an25ps47c"",""schemaId"":""ck9zxpazt0w110z6fh05vx2wq"",""title"":""Burnt area"",""value"":""burnt_area"",""color"":""#FF0000"",""instanceURI"":""https://api.labelbox.com/masks/feature/ckaacl1iv0zqw109an25ps47c?token=eyJhbGciOiJIUzI1NiIsInR5cCI6IkpXVCJ9.eyJ1c2VySWQiOiJjazkyNjcxYzBpbmNmMDc0MTV2a28yMHU5Iiwib3JnYW5pemF0aW9uSWQiOiJjazkyNjcxYjVpbmM5MDc0MTJ0YjEzeTY5IiwiaWF0IjoxNTkxMzA5MDE3LCJleHAiOjE1OTM5MDEwMTd9.bQk9GkhLHB-kRUp8qYs53QkuX8GprWcsUfCdKJ_K-3k""}],""classifications"":[]}",elejrv@stanford.edu,Wildfire,1589676906000,1589676906000,24.548,MSI_20191228_S2.png,-1,-1,,,Satelite_photos_0516,[],https://editor.labelbox.com?project=ck9268gp3581e0712ckpk72uy&label=ckaacl2ki1bn20757vqrm9h1o
ckaacmc769n6t0918rpl3mish,ckaacdetnvo6j0hjs4t0jc7j8,https://storage.labelbox.com/ck92671b5inc907412tb13y69%2F61eb754c-0514-56d2-e968-3a5bf6ada23e-MSI_20200108_S2.png?Expires=1592518618017&KeyName=labelbox-assets-key-1&Signature=iJjVvefaeIH691YsfDjK7md16Ws,"{""objects"":[{""featureId"":""ckaaclxdq11ps104n78ghqmqq"",""schemaId"":""ck9zxpazt0w110z6fh05vx2wq"",""title"":""Burnt area"",""value"":""burnt_area"",""color"":""#FF0000"",""instanceURI"":""https://api.labelbox.com/masks/feature/ckaaclxdq11ps104n78ghqmqq?token=eyJhbGciOiJIUzI1NiIsInR5cCI6IkpXVCJ9.eyJ1c2VySWQiOiJjazkyNjcxYzBpbmNmMDc0MTV2a28yMHU5Iiwib3JnYW5pemF0aW9uSWQiOiJjazkyNjcxYjVpbmM5MDc0MTJ0YjEzeTY5IiwiaWF0IjoxNTkxMzA5MDE3LCJleHAiOjE1OTM5MDEwMTd9.bQk9GkhLHB-kRUp8qYs53QkuX8GprWcsUfCdKJ_K-3k""}],""classifications"":[]}",elejrv@stanford.edu,Wildfire,1589676965000,1589747962000,108.622,MSI_20200108_S2.png,-1,-1,,,Satelite_photos_0516,[],https://editor.labelbox.com?project=ck9268gp3581e0712ckpk72uy&label=ckaacmc769n6t0918rpl3mish
ckaacnab29nj30918ccnt3mgi,ckaacdetnvo6v0hjsahyl1aia,https://storage.labelbox.com/ck92671b5inc907412tb13y69%2F32fbb5e7-70d0-2ea0-690f-1af471c220c4-MSI_20200130_S2.png?Expires=1592518618017&KeyName=labelbox-assets-key-1&Signature=Iae02AtSX6-o3jN4OXwST3mYPfQ,"{""objects"":[{""featureId"":""ckaacn77811qf104nglls0p09"",""schemaId"":""ck9zxpazt0w110z6fh05vx2wq"",""title"":""Burnt area"",""value"":""burnt_area"",""color"":""#FF0000"",""instanceURI"":""https://api.labelbox.com/masks/feature/ckaacn77811qf104nglls0p09?token=eyJhbGciOiJIUzI1NiIsInR5cCI6IkpXVCJ9.eyJ1c2VySWQiOiJjazkyNjcxYzBpbmNmMDc0MTV2a28yMHU5Iiwib3JnYW5pemF0aW9uSWQiOiJjazkyNjcxYjVpbmM5MDc0MTJ0YjEzeTY5IiwiaWF0IjoxNTkxMzA5MDE3LCJleHAiOjE1OTM5MDEwMTd9.bQk9GkhLHB-kRUp8qYs53QkuX8GprWcsUfCdKJ_K-3k""}],""classifications"":[]}",elejrv@stanford.edu,Wildfire,1589677009000,1589747931000,151.435,MSI_20200130_S2.png,-1,-1,,,Satelite_photos_0516,[],https://editor.labelbox.com?project=ck9268gp3581e0712ckpk72uy&label=ckaacnab29nj30918ccnt3mgi
ckaacnucfm3vv0700ft1m47ny,ckaacdetmvo4z0hjsa8zeczfu,https://storage.labelbox.com/ck92671b5inc907412tb13y69%2F96a772e1-20a9-2b3e-734d-12bce6e6a8ed-MSI_20191204_S2.png?Expires=1592518618018&KeyName=labelbox-assets-key-1&Signature=c5OJiLpbQvyDzfRxRphnKwzh1IE,"{""objects"":[{""featureId"":""ckaacnpr805wn0z8cals62tsr"",""schemaId"":""ck9zxpazt0w110z6fh05vx2wq"",""title"":""Burnt area"",""value"":""burnt_area"",""color"":""#FF0000"",""instanceURI"":""https://api.labelbox.com/masks/feature/ckaacnpr805wn0z8cals62tsr?token=eyJhbGciOiJIUzI1NiIsInR5cCI6IkpXVCJ9.eyJ1c2VySWQiOiJjazkyNjcxYzBpbmNmMDc0MTV2a28yMHU5Iiwib3JnYW5pemF0aW9uSWQiOiJjazkyNjcxYjVpbmM5MDc0MTJ0YjEzeTY5IiwiaWF0IjoxNTkxMzA5MDE3LCJleHAiOjE1OTM5MDEwMTd9.bQk9GkhLHB-kRUp8qYs53QkuX8GprWcsUfCdKJ_K-3k""}],""classifications"":[]}",elejrv@stanford.edu,Wildfire,1589677035000,1589685994000,25.705,MSI_20191204_S2.png,-1,-1,,,Satelite_photos_0516,[],https://editor.labelbox.com?project=ck9268gp3581e0712ckpk72uy&label=ckaacnucfm3vv0700ft1m47ny
ckaaco0ahmcey07143htyh2bz,ckaacdetmvo5b0hjs08qc75rs,https://storage.labelbox.com/ck92671b5inc907412tb13y69%2F523b627c-3025-1cf5-bf6d-efaf81067976-MSI_20191216_S2-2.png?Expires=1592518618018&KeyName=labelbox-assets-key-1&Signature=e5gVwgX2gt-qwuWlByLwI1AXkrw,{},elejrv@stanford.edu,Wildfire,1589677043000,1589685991000,8.659,MSI_20191216_S2-2.png,-1,-1,,,Satelite_photos_0516,[],https://editor.labelbox.com?project=ck9268gp3581e0712ckpk72uy&label=ckaaco0ahmcey07143htyh2bz
ckaaco3e71crv0757di47u89w,ckaacdetnvo5n0hjs5tcqbbxx,https://storage.labelbox.com/ck92671b5inc907412tb13y69%2F8d18b47c-516b-4f6c-27e0-11d183e60f22-MSI_20191221_S2-2.png?Expires=1592518618019&KeyName=labelbox-assets-key-1&Signature=4LZ1qiFvJXFcOtsINUf656MDyYo,{},elejrv@stanford.edu,Wildfire,1589677047000,1589747862000,6.992,MSI_20191221_S2-2.png,-1,-1,,,Satelite_photos_0516,[],https://editor.labelbox.com?project=ck9268gp3581e0712ckpk72uy&label=ckaaco3e71crv0757di47u89w
ckaacoksw9o350918h7kjbduq,ckaacdetnvo5z0hjsczic8pdo,https://storage.labelbox.com/ck92671b5inc907412tb13y69%2F0f4d8553-e0c4-38d1-ec03-7c22ae7de9b8-MSI_20191226_S2-2.png?Expires=1592518618019&KeyName=labelbox-assets-key-1&Signature=-jTj7pAG_uYoVy59J0ZuDeYyk_4,"{""objects"":[{""featureId"":""ckaacogyg0049107gwi12ukdg"",""schemaId"":""ck9zxpazt0w110z6fh05vx2wq"",""title"":""Burnt area"",""value"":""burnt_area"",""color"":""#FF0000"",""instanceURI"":""https://api.labelbox.com/masks/feature/ckaacogyg0049107gwi12ukdg?token=eyJhbGciOiJIUzI1NiIsInR5cCI6IkpXVCJ9.eyJ1c2VySWQiOiJjazkyNjcxYzBpbmNmMDc0MTV2a28yMHU5Iiwib3JnYW5pemF0aW9uSWQiOiJjazkyNjcxYjVpbmM5MDc0MTJ0YjEzeTY5IiwiaWF0IjoxNTkxMzA5MDE3LCJleHAiOjE1OTM5MDEwMTd9.bQk9GkhLHB-kRUp8qYs53QkuX8GprWcsUfCdKJ_K-3k""}],""classifications"":[]}",elejrv@stanford.edu,Wildfire,1589677069000,1589685983000,25.17,MSI_20191226_S2-2.png,-1,-1,,,Satelite_photos_0516,[],https://editor.labelbox.com?project=ck9268gp3581e0712ckpk72uy&label=ckaacoksw9o350918h7kjbduq
ckaacov9um4ac07004hs69mbn,ckaacdetnvo6b0hjs06fef2p7,https://storage.labelbox.com/ck92671b5inc907412tb13y69%2F86b6919a-7d6e-2c3a-35ca-ecf919b43aab-MSI_20191229_S2.png?Expires=1592518618020&KeyName=labelbox-assets-key-1&Signature=YORpOMpI03NEw0nUNz1yvgh1v4Y,"{""objects"":[{""featureId"":""ckaacoubu004e107gk4c73sff"",""schemaId"":""ck9zxpazt0w110z6fh05vx2wq"",""title"":""Burnt area"",""value"":""burnt_area"",""color"":""#FF0000"",""instanceURI"":""https://api.labelbox.com/masks/feature/ckaacoubu004e107gk4c73sff?token=eyJhbGciOiJIUzI1NiIsInR5cCI6IkpXVCJ9.eyJ1c2VySWQiOiJjazkyNjcxYzBpbmNmMDc0MTV2a28yMHU5Iiwib3JnYW5pemF0aW9uSWQiOiJjazkyNjcxYjVpbmM5MDc0MTJ0YjEzeTY5IiwiaWF0IjoxNTkxMzA5MDE3LCJleHAiOjE1OTM5MDEwMTd9.bQk9GkhLHB-kRUp8qYs53QkuX8GprWcsUfCdKJ_K-3k""}],""classifications"":[]}",elejrv@stanford.edu,Wildfire,1589677083000,1589747854000,30.657,MSI_20191229_S2.png,-1,-1,,,Satelite_photos_0516,[],https://editor.labelbox.com?project=ck9268gp3581e0712ckpk72uy&label=ckaacov9um4ac07004hs69mbn
ckaacpky0951p0b12u9soi2qu,ckaacdetnvo6n0hjs2uxz1eoi,https://storage.labelbox.com/ck92671b5inc907412tb13y69%2F254560ef-1e05-aa26-e6ff-a61d3a745028-MSI_20200126_S2.png?Expires=1592518618020&KeyName=labelbox-assets-key-1&Signature=hiKrE4JgPl6zb1t-hdL7ApwcJc8,"{""objects"":[{""featureId"":""ckaacpjal11rt104nykb5kkvd"",""schemaId"":""ck9zxpazt0w110z6fh05vx2wq"",""title"":""Burnt area"",""value"":""burnt_area"",""color"":""#FF0000"",""instanceURI"":""https://api.labelbox.com/masks/feature/ckaacpjal11rt104nykb5kkvd?token=eyJhbGciOiJIUzI1NiIsInR5cCI6IkpXVCJ9.eyJ1c2VySWQiOiJjazkyNjcxYzBpbmNmMDc0MTV2a28yMHU5Iiwib3JnYW5pemF0aW9uSWQiOiJjazkyNjcxYjVpbmM5MDc0MTJ0YjEzeTY5IiwiaWF0IjoxNTkxMzA5MDE3LCJleHAiOjE1OTM5MDEwMTd9.bQk9GkhLHB-kRUp8qYs53QkuX8GprWcsUfCdKJ_K-3k""}],""classifications"":[]}",elejrv@stanford.edu,Wildfire,1589677116000,1589747849000,53.991,MSI_20200126_S2.png,-1,-1,,,Satelite_photos_0516,[],https://editor.labelbox.com?project=ck9268gp3581e0712ckpk72uy&label=ckaacpky0951p0b12u9soi2qu
ckaacqcwrmdbf0714ajisz8a3,ckaacdetovo6z0hjs3sl968nf,https://storage.labelbox.com/ck92671b5inc907412tb13y69%2Ff34ba4d8-a71a-af3d-8c09-6de42a0f3679-MSI_20200202_S2.png?Expires=1592518618021&KeyName=labelbox-assets-key-1&Signature=Vh9OGhCA66ypHeZxyR8tlow90DM,"{""objects"":[{""featureId"":""ckaacqbmp05y80z8cqr19oncw"",""schemaId"":""ck9zxpazt0w110z6fh05vx2wq"",""title"":""Burnt area"",""value"":""burnt_area"",""color"":""#FF0000"",""instanceURI"":""https://api.labelbox.com/masks/feature/ckaacqbmp05y80z8cqr19oncw?token=eyJhbGciOiJIUzI1NiIsInR5cCI6IkpXVCJ9.eyJ1c2VySWQiOiJjazkyNjcxYzBpbmNmMDc0MTV2a28yMHU5Iiwib3JnYW5pemF0aW9uSWQiOiJjazkyNjcxYjVpbmM5MDc0MTJ0YjEzeTY5IiwiaWF0IjoxNTkxMzA5MDE3LCJleHAiOjE1OTM5MDEwMTd9.bQk9GkhLHB-kRUp8qYs53QkuX8GprWcsUfCdKJ_K-3k""}],""classifications"":[]}",elejrv@stanford.edu,Wildfire,1589677152000,1589685934000,135.527,MSI_20200202_S2.png,-1,-1,,,Satelite_photos_0516,[],https://editor.labelbox.com?project=ck9268gp3581e0712ckpk72uy&label=ckaacqcwrmdbf0714ajisz8a3
ckaacr0hrmdj70714qvd2ukml,ckaacdetmvo530hjs6ei4cvkb,https://storage.labelbox.com/ck92671b5inc907412tb13y69%2F6ac022de-8180-6ab2-7e6d-455917bafd87-MSI_20191214_S2.png?Expires=1592518618021&KeyName=labelbox-assets-key-1&Signature=TzmjQx2SI6CjnN1h77qnRJYGGlE,"{""objects"":[{""featureId"":""ckaacqqkk0zu4109a1h46xqcy"",""schemaId"":""ck9zxpazt0w110z6fh05vx2wq"",""title"":""Burnt area"",""value"":""burnt_area"",""color"":""#FF0000"",""instanceURI"":""https://api.labelbox.com/masks/feature/ckaacqqkk0zu4109a1h46xqcy?token=eyJhbGciOiJIUzI1NiIsInR5cCI6IkpXVCJ9.eyJ1c2VySWQiOiJjazkyNjcxYzBpbmNmMDc0MTV2a28yMHU5Iiwib3JnYW5pemF0aW9uSWQiOiJjazkyNjcxYjVpbmM5MDc0MTJ0YjEzeTY5IiwiaWF0IjoxNTkxMzA5MDE3LCJleHAiOjE1OTM5MDEwMTd9.bQk9GkhLHB-kRUp8qYs53QkuX8GprWcsUfCdKJ_K-3k""}],""classifications"":[]}",elejrv@stanford.edu,Wildfire,1589677183000,1589747835000,140.31,MSI_20191214_S2.png,-1,-1,,,Satelite_photos_0516,[],https://editor.labelbox.com?project=ck9268gp3581e0712ckpk72uy&label=ckaacr0hrmdj70714qvd2ukml
ckaacrdjiamje0854u0jmq7be,ckaacdetmvo5f0hjs86rhebe7,https://storage.labelbox.com/ck92671b5inc907412tb13y69%2Fc146d976-33f2-033f-adcf-4dde3ebe4d38-MSI_20191219_S2.png?Expires=1592518618022&KeyName=labelbox-assets-key-1&Signature=VfVc8KEedo0BQuMG3TwkaMHg568,"{""objects"":[{""featureId"":""ckabismxa14k20z8cam8ugg87"",""schemaId"":""ck9zxpazt0w110z6fh05vx2wq"",""title"":""Burnt area"",""value"":""burnt_area"",""color"":""#FF0000"",""instanceURI"":""https://api.labelbox.com/masks/feature/ckabismxa14k20z8cam8ugg87?token=eyJhbGciOiJIUzI1NiIsInR5cCI6IkpXVCJ9.eyJ1c2VySWQiOiJjazkyNjcxYzBpbmNmMDc0MTV2a28yMHU5Iiwib3JnYW5pemF0aW9uSWQiOiJjazkyNjcxYjVpbmM5MDc0MTJ0YjEzeTY5IiwiaWF0IjoxNTkxMzA5MDE3LCJleHAiOjE1OTM5MDEwMTd9.bQk9GkhLHB-kRUp8qYs53QkuX8GprWcsUfCdKJ_K-3k""}],""classifications"":[]}",elejrv@stanford.edu,Wildfire,1589677200000,1589747814000,55.045,MSI_20191219_S2.png,-1,-1,,,Satelite_photos_0516,[],https://editor.labelbox.com?project=ck9268gp3581e0712ckpk72uy&label=ckaacrdjiamje0854u0jmq7be
ckaacruqk9pc00918qym0atz5,ckaacdetnvo5r0hjshp446ohj,https://storage.labelbox.com/ck92671b5inc907412tb13y69%2Fd5054070-2ddf-33d1-0202-8bc43c2e8cd3-MSI_20191224_S2.png?Expires=1592518618022&KeyName=labelbox-assets-key-1&Signature=yNRk7Bgqf3Jwlq5gd7F8Mk5Cyko,"{""objects"":[{""featureId"":""ckaacrtcn0zus109afoxc9wei"",""schemaId"":""ck9zxpazt0w110z6fh05vx2wq"",""title"":""Burnt area"",""value"":""burnt_area"",""color"":""#FF0000"",""instanceURI"":""https://api.labelbox.com/masks/feature/ckaacrtcn0zus109afoxc9wei?token=eyJhbGciOiJIUzI1NiIsInR5cCI6IkpXVCJ9.eyJ1c2VySWQiOiJjazkyNjcxYzBpbmNmMDc0MTV2a28yMHU5Iiwib3JnYW5pemF0aW9uSWQiOiJjazkyNjcxYjVpbmM5MDc0MTJ0YjEzeTY5IiwiaWF0IjoxNTkxMzA5MDE3LCJleHAiOjE1OTM5MDEwMTd9.bQk9GkhLHB-kRUp8qYs53QkuX8GprWcsUfCdKJ_K-3k""}],""classifications"":[]}",elejrv@stanford.edu,Wildfire,1589677222000,1589685892000,109.71,MSI_20191224_S2.png,-1,-1,,,Satelite_photos_0516,[],https://editor.labelbox.com?project=ck9268gp3581e0712ckpk72uy&label=ckaacruqk9pc00918qym0atz5
ckaacsd0g1efn0757usa9zbl9,ckaacdetnvo630hjs5rqbhso0,https://storage.labelbox.com/ck92671b5inc907412tb13y69%2Fa187d32a-e1e3-1c64-d87e-25c80accf482-MSI_20191227_S2.png?Expires=1592518618023&KeyName=labelbox-assets-key-1&Signature=hQ5rLBwlXA8-cX-jDhIpHxiQIN0,"{""objects"":[{""featureId"":""ckaacsc300zv5109addhktzzb"",""schemaId"":""ck9zxpazt0w110z6fh05vx2wq"",""title"":""Burnt area"",""value"":""burnt_area"",""color"":""#FF0000"",""instanceURI"":""https://api.labelbox.com/masks/feature/ckaacsc300zv5109addhktzzb?token=eyJhbGciOiJIUzI1NiIsInR5cCI6IkpXVCJ9.eyJ1c2VySWQiOiJjazkyNjcxYzBpbmNmMDc0MTV2a28yMHU5Iiwib3JnYW5pemF0aW9uSWQiOiJjazkyNjcxYjVpbmM5MDc0MTJ0YjEzeTY5IiwiaWF0IjoxNTkxMzA5MDE3LCJleHAiOjE1OTM5MDEwMTd9.bQk9GkhLHB-kRUp8qYs53QkuX8GprWcsUfCdKJ_K-3k""}],""classifications"":[]}",elejrv@stanford.edu,Wildfire,1589677246000,1589747774000,44.632,MSI_20191227_S2.png,-1,-1,,,Satelite_photos_0516,[],https://editor.labelbox.com?project=ck9268gp3581e0712ckpk72uy&label=ckaacsd0g1efn0757usa9zbl9
ckaacsn5oouze0728uvcrmrs5,ckaacdetnvo6f0hjs60397igp,https://storage.labelbox.com/ck92671b5inc907412tb13y69%2Fb9421a7b-8c5e-d52b-1499-a5854fbb007a-MSI_20191231_S2.png?Expires=1592518618023&KeyName=labelbox-assets-key-1&Signature=crwsdH0KGdkS1cKgUhIokziv66M,"{""objects"":[{""featureId"":""ckabirgyi1y4x109a4h4f3m75"",""schemaId"":""ck9zxpazt0w110z6fh05vx2wq"",""title"":""Burnt area"",""value"":""burnt_area"",""color"":""#FF0000"",""instanceURI"":""https://api.labelbox.com/masks/feature/ckabirgyi1y4x109a4h4f3m75?token=eyJhbGciOiJIUzI1NiIsInR5cCI6IkpXVCJ9.eyJ1c2VySWQiOiJjazkyNjcxYzBpbmNmMDc0MTV2a28yMHU5Iiwib3JnYW5pemF0aW9uSWQiOiJjazkyNjcxYjVpbmM5MDc0MTJ0YjEzeTY5IiwiaWF0IjoxNTkxMzA5MDE3LCJleHAiOjE1OTM5MDEwMTd9.bQk9GkhLHB-kRUp8qYs53QkuX8GprWcsUfCdKJ_K-3k""}],""classifications"":[]}",elejrv@stanford.edu,Wildfire,1589677259000,1589747750000,133.953,MSI_20191231_S2.png,-1,-1,,,Satelite_photos_0516,[],https://editor.labelbox.com?project=ck9268gp3581e0712ckpk72uy&label=ckaacsn5oouze0728uvcrmrs5
ckaacsu07an7i0854lpi3o7fa,ckaacdetnvo6r0hjsh4nc79rh,https://storage.labelbox.com/ck92671b5inc907412tb13y69%2F5e271a90-5cd4-cc0a-58a9-cd65f6cd54aa-MSI_20200129_S2.png?Expires=1592518618023&KeyName=labelbox-assets-key-1&Signature=redv6nx-N4HMJtpQcMNt77vU0oo,"{""objects"":[{""featureId"":""ckabipytv1y48109a2yhttc32"",""schemaId"":""ck9zxpazt0w110z6fh05vx2wq"",""title"":""Burnt area"",""value"":""burnt_area"",""color"":""#FF0000"",""instanceURI"":""https://api.labelbox.com/masks/feature/ckabipytv1y48109a2yhttc32?token=eyJhbGciOiJIUzI1NiIsInR5cCI6IkpXVCJ9.eyJ1c2VySWQiOiJjazkyNjcxYzBpbmNmMDc0MTV2a28yMHU5Iiwib3JnYW5pemF0aW9uSWQiOiJjazkyNjcxYjVpbmM5MDc0MTJ0YjEzeTY5IiwiaWF0IjoxNTkxMzA5MDE3LCJleHAiOjE1OTM5MDEwMTd9.bQk9GkhLHB-kRUp8qYs53QkuX8GprWcsUfCdKJ_K-3k""}],""classifications"":[]}",elejrv@stanford.edu,Wildfire,1589677268000,1590074714000,235.141,MSI_20200129_S2.png,-1,-1,,,Satelite_photos_0516,[],https://editor.labelbox.com?project=ck9268gp3581e0712ckpk72uy&label=ckaacsu07an7i0854lpi3o7fa
ckb0285e0nieb0755f8wtg34z,ckb024nv0utvn0ap874pwg58x,https://storage.labelbox.com/ck92671b5inc907412tb13y69%2F4ecc4138-6a6f-e4eb-a342-4be723be218d-2MSI_20191226_S2-6.png?Expires=1592518618024&KeyName=labelbox-assets-key-1&Signature=2bqlICfJcdOi7mdE-BqpbZ_s_pg,"{""objects"":[{""featureId"":""ckb04mfbb01gm0ydj7c7l4spj"",""schemaId"":""ck9zxpazt0w110z6fh05vx2wq"",""title"":""Burnt area"",""value"":""burnt_area"",""color"":""#FF0000"",""instanceURI"":""https://api.labelbox.com/masks/feature/ckb04mfbb01gm0ydj7c7l4spj?token=eyJhbGciOiJIUzI1NiIsInR5cCI6IkpXVCJ9.eyJ1c2VySWQiOiJjazkyNjcxYzBpbmNmMDc0MTV2a28yMHU5Iiwib3JnYW5pemF0aW9uSWQiOiJjazkyNjcxYjVpbmM5MDc0MTJ0YjEzeTY5IiwiaWF0IjoxNTkxMzA5MDE3LCJleHAiOjE1OTM5MDEwMTd9.bQk9GkhLHB-kRUp8qYs53QkuX8GprWcsUfCdKJ_K-3k""}],""classifications"":[]}",elejrv@stanford.edu,Wildfire,1591231627000,1591236021000,102.554,2MSI_20191226_S2-6.png,-1,-1,,,image_satellite_03_06_2020,[],https://editor.labelbox.com?project=ck9268gp3581e0712ckpk72uy&label=ckb0285e0nieb0755f8wtg34z
ckb028cpzna1d0753rhpv0him,ckb024nv0utvz0ap8eaeae7lr,https://storage.labelbox.com/ck92671b5inc907412tb13y69%2Fd7244360-3839-1d2c-3457-7b529fb3f82c-2MSI_20191226_S2-9.png?Expires=1592518618024&KeyName=labelbox-assets-key-1&Signature=ARZ9LVZMGdMm5oz5Nck3nECoErA,"{""objects"":[{""featureId"":""ckb04jtmp00g50ydt6jet3ta2"",""schemaId"":""ck9zxpazt0w110z6fh05vx2wq"",""title"":""Burnt area"",""value"":""burnt_area"",""color"":""#FF0000"",""instanceURI"":""https://api.labelbox.com/masks/feature/ckb04jtmp00g50ydt6jet3ta2?token=eyJhbGciOiJIUzI1NiIsInR5cCI6IkpXVCJ9.eyJ1c2VySWQiOiJjazkyNjcxYzBpbmNmMDc0MTV2a28yMHU5Iiwib3JnYW5pemF0aW9uSWQiOiJjazkyNjcxYjVpbmM5MDc0MTJ0YjEzeTY5IiwiaWF0IjoxNTkxMzA5MDE3LCJleHAiOjE1OTM5MDEwMTd9.bQk9GkhLHB-kRUp8qYs53QkuX8GprWcsUfCdKJ_K-3k""}],""classifications"":[]}",elejrv@stanford.edu,Wildfire,1591231637000,1591235582000,39.063,2MSI_20191226_S2-9.png,-1,-1,,,image_satellite_03_06_2020,[],https://editor.labelbox.com?project=ck9268gp3581e0712ckpk72uy&label=ckb028cpzna1d0753rhpv0him
ckb028f5jnj47072135emk9jq,ckb024nv2utwb0ap82vgeaj6x,https://storage.labelbox.com/ck92671b5inc907412tb13y69%2F66416b52-9f68-00be-f950-c7e98c361c4f-2MSI_20200110_S2.png?Expires=1592518618024&KeyName=labelbox-assets-key-1&Signature=lDJAxJ8TK3xXf8PoaCg6Ojo_sr4,"{""objects"":[{""featureId"":""ckb04hm8618gk0ybw6oxz9log"",""schemaId"":""ck9zxpazt0w110z6fh05vx2wq"",""title"":""Burnt area"",""value"":""burnt_area"",""color"":""#FF0000"",""instanceURI"":""https://api.labelbox.com/masks/feature/ckb04hm8618gk0ybw6oxz9log?token=eyJhbGciOiJIUzI1NiIsInR5cCI6IkpXVCJ9.eyJ1c2VySWQiOiJjazkyNjcxYzBpbmNmMDc0MTV2a28yMHU5Iiwib3JnYW5pemF0aW9uSWQiOiJjazkyNjcxYjVpbmM5MDc0MTJ0YjEzeTY5IiwiaWF0IjoxNTkxMzA5MDE3LCJleHAiOjE1OTM5MDEwMTd9.bQk9GkhLHB-kRUp8qYs53QkuX8GprWcsUfCdKJ_K-3k""}],""classifications"":[]}",elejrv@stanford.edu,Wildfire,1591231640000,1591235581000,93.676,2MSI_20200110_S2.png,-1,-1,,,image_satellite_03_06_2020,[],https://editor.labelbox.com?project=ck9268gp3581e0712ckpk72uy&label=ckb028f5jnj47072135emk9jq
ckb028j63na2v0753ie7l1oe9,ckb024nv2utwn0ap81iws8ygm,https://storage.labelbox.com/ck92671b5inc907412tb13y69%2Ffd4b99ad-a890-11db-a1a4-f23d05579ed3-2MSI_20200130_S2-3.png?Expires=1592518618025&KeyName=labelbox-assets-key-1&Signature=gULmgQ_6wbsYUYolGQ2VmmrryhQ,"{""objects"":[{""featureId"":""ckb04ewt9011x0ycyapwt5akf"",""schemaId"":""ck9zxpazt0w110z6fh05vx2wq"",""title"":""Burnt area"",""value"":""burnt_area"",""color"":""#FF0000"",""instanceURI"":""https://api.labelbox.com/masks/feature/ckb04ewt9011x0ycyapwt5akf?token=eyJhbGciOiJIUzI1NiIsInR5cCI6IkpXVCJ9.eyJ1c2VySWQiOiJjazkyNjcxYzBpbmNmMDc0MTV2a28yMHU5Iiwib3JnYW5pemF0aW9uSWQiOiJjazkyNjcxYjVpbmM5MDc0MTJ0YjEzeTY5IiwiaWF0IjoxNTkxMzA5MDE3LCJleHAiOjE1OTM5MDEwMTd9.bQk9GkhLHB-kRUp8qYs53QkuX8GprWcsUfCdKJ_K-3k""}],""classifications"":[]}",elejrv@stanford.edu,Wildfire,1591231645000,1591236012000,122.652,2MSI_20200130_S2-3.png,-1,-1,,,image_satellite_03_06_2020,[],https://editor.labelbox.com?project=ck9268gp3581e0712ckpk72uy&label=ckb028j63na2v0753ie7l1oe9
ckb028n48nj6b0721z8llykqo,ckb024nv2utwz0ap82rxp1pib,https://storage.labelbox.com/ck92671b5inc907412tb13y69%2F60e71aa9-48c4-6d40-8c39-1562dbeb4e5b-2MSI_20200224_S2.png?Expires=1592518618030&KeyName=labelbox-assets-key-1&Signature=vpmHJfdvaaKLU1H2lLdZ2-gC7uA,"{""objects"":[{""featureId"":""ckb04dbqm15h10y9v3moa74lc"",""schemaId"":""ck9zxpazt0w110z6fh05vx2wq"",""title"":""Burnt area"",""value"":""burnt_area"",""color"":""#FF0000"",""instanceURI"":""https://api.labelbox.com/masks/feature/ckb04dbqm15h10y9v3moa74lc?token=eyJhbGciOiJIUzI1NiIsInR5cCI6IkpXVCJ9.eyJ1c2VySWQiOiJjazkyNjcxYzBpbmNmMDc0MTV2a28yMHU5Iiwib3JnYW5pemF0aW9uSWQiOiJjazkyNjcxYjVpbmM5MDc0MTJ0YjEzeTY5IiwiaWF0IjoxNTkxMzA5MDE3LCJleHAiOjE1OTM5MDEwMTd9.bQk9GkhLHB-kRUp8qYs53QkuX8GprWcsUfCdKJ_K-3k""}],""classifications"":[]}",elejrv@stanford.edu,Wildfire,1591231650000,1591236062000,220.509,2MSI_20200224_S2.png,-1,-1,,,image_satellite_03_06_2020,[],https://editor.labelbox.com?project=ck9268gp3581e0712ckpk72uy&label=ckb028n48nj6b0721z8llykqo
ckb028pedna460753tvhq3kf2,ckb024nv2utxb0ap8357h4hu8,https://storage.labelbox.com/ck92671b5inc907412tb13y69%2F270b1105-c824-1ca7-9c50-4bd1e4805085-2MSI_20200320_S2.png?Expires=1592518618030&KeyName=labelbox-assets-key-1&Signature=cCoB2djlllGS0cPpMHNlU8D_O7U,"{""objects"":[{""featureId"":""ckb043off00vc0ycy2whpa7ey"",""schemaId"":""ck9zxpazt0w110z6fh05vx2wq"",""title"":""Burnt area"",""value"":""burnt_area"",""color"":""#FF0000"",""instanceURI"":""https://api.labelbox.com/masks/feature/ckb043off00vc0ycy2whpa7ey?token=eyJhbGciOiJIUzI1NiIsInR5cCI6IkpXVCJ9.eyJ1c2VySWQiOiJjazkyNjcxYzBpbmNmMDc0MTV2a28yMHU5Iiwib3JnYW5pemF0aW9uSWQiOiJjazkyNjcxYjVpbmM5MDc0MTJ0YjEzeTY5IiwiaWF0IjoxNTkxMzA5MDE3LCJleHAiOjE1OTM5MDEwMTd9.bQk9GkhLHB-kRUp8qYs53QkuX8GprWcsUfCdKJ_K-3k""}],""classifications"":[]}",elejrv@stanford.edu,Wildfire,1591231653000,1591235957000,384.445,2MSI_20200320_S2.png,-1,-1,,,image_satellite_03_06_2020,[],https://editor.labelbox.com?project=ck9268gp3581e0712ckpk72uy&label=ckb028pedna460753tvhq3kf2
ckb028s10na5w0753vrk2z6h2,ckb024nv0utvf0ap820675mtg,https://storage.labelbox.com/ck92671b5inc907412tb13y69%2Fb45793ce-3f45-c375-d7d2-3cf366c58dff-2MSI_20191226_S2-4.png?Expires=1592518618031&KeyName=labelbox-assets-key-1&Signature=3QYnTtLezfjyK3TzwLYfLi4JemY,{},elejrv@stanford.edu,Wildfire,1591231656000,1591231751000,3.021,2MSI_20191226_S2-4.png,-1,-1,,,image_satellite_03_06_2020,[],https://editor.labelbox.com?project=ck9268gp3581e0712ckpk72uy&label=ckb028s10na5w0753vrk2z6h2
ckb028vn8nj890721051h104g,ckb024nv0utvr0ap8gk3278nc,https://storage.labelbox.com/ck92671b5inc907412tb13y69%2F7a93478f-0f79-e38c-3341-e94c4c0a7466-2MSI_20191226_S2-7.png?Expires=1592518618031&KeyName=labelbox-assets-key-1&Signature=5JSwljLJOCMsLtDviCa7JblPsgY,"{""objects"":[{""featureId"":""ckb04of2d01ht0ydjenfuhtqq"",""schemaId"":""ck9zxpazt0w110z6fh05vx2wq"",""title"":""Burnt area"",""value"":""burnt_area"",""color"":""#FF0000"",""instanceURI"":""https://api.labelbox.com/masks/feature/ckb04of2d01ht0ydjenfuhtqq?token=eyJhbGciOiJIUzI1NiIsInR5cCI6IkpXVCJ9.eyJ1c2VySWQiOiJjazkyNjcxYzBpbmNmMDc0MTV2a28yMHU5Iiwib3JnYW5pemF0aW9uSWQiOiJjazkyNjcxYjVpbmM5MDc0MTJ0YjEzeTY5IiwiaWF0IjoxNTkxMzA5MDE3LCJleHAiOjE1OTM5MDEwMTd9.bQk9GkhLHB-kRUp8qYs53QkuX8GprWcsUfCdKJ_K-3k""}],""classifications"":[]}",elejrv@stanford.edu,Wildfire,1591231661000,1591235826000,75.321,2MSI_20191226_S2-7.png,-1,-1,,,image_satellite_03_06_2020,[],https://editor.labelbox.com?project=ck9268gp3581e0712ckpk72uy&label=ckb028vn8nj890721051h104g
ckb028ydrna7w0753hkzk2xk2,ckb024nv2utw30ap89kuxa6rx,https://storage.labelbox.com/ck92671b5inc907412tb13y69%2F61138c97-c711-e50e-7f79-757c09d45c5e-2MSI_20191226_S2-10.png?Expires=1592518618032&KeyName=labelbox-assets-key-1&Signature=gYnZlrBJejqCFnXdUuH08Wb1qvw,{},elejrv@stanford.edu,Wildfire,1591231665000,1591235698000,14.987,2MSI_20191226_S2-10.png,-1,-1,,,image_satellite_03_06_2020,[],https://editor.labelbox.com?project=ck9268gp3581e0712ckpk72uy&label=ckb028ydrna7w0753hkzk2xk2
ckb02949nna9k0753st5xu2z0,ckb024nv2utwf0ap81l5dc066,https://storage.labelbox.com/ck92671b5inc907412tb13y69%2F92dce1d1-be14-2b71-e2a9-8d5df35c2dd1-2MSI_20200130_S2.png?Expires=1592518618032&KeyName=labelbox-assets-key-1&Signature=a3r4gAx8d6rCpf8JmrHXJry8bwU,"{""objects"":[{""featureId"":""ckb041nem00930ydt3hske4gq"",""schemaId"":""ck9zxpazt0w110z6fh05vx2wq"",""title"":""Burnt area"",""value"":""burnt_area"",""color"":""#FF0000"",""instanceURI"":""https://api.labelbox.com/masks/feature/ckb041nem00930ydt3hske4gq?token=eyJhbGciOiJIUzI1NiIsInR5cCI6IkpXVCJ9.eyJ1c2VySWQiOiJjazkyNjcxYzBpbmNmMDc0MTV2a28yMHU5Iiwib3JnYW5pemF0aW9uSWQiOiJjazkyNjcxYjVpbmM5MDc0MTJ0YjEzeTY5IiwiaWF0IjoxNTkxMzA5MDE3LCJleHAiOjE1OTM5MDEwMTd9.bQk9GkhLHB-kRUp8qYs53QkuX8GprWcsUfCdKJ_K-3k""}],""classifications"":[]}",elejrv@stanford.edu,Wildfire,1591231672000,1591234754000,95.844,2MSI_20200130_S2.png,-1,-1,,,image_satellite_03_06_2020,[],https://editor.labelbox.com?project=ck9268gp3581e0712ckpk72uy&label=ckb02949nna9k0753st5xu2z0
ckb029es9nac60753mx500amc,ckb024nv2utwr0ap8dk9b2um8,https://storage.labelbox.com/ck92671b5inc907412tb13y69%2F657449b0-752e-5050-c432-a42a3e394692-2MSI_20200130_S2-4.png?Expires=1592518618032&KeyName=labelbox-assets-key-1&Signature=TpfBTpAs612HNTauuk52B5oVOB4,"{""objects"":[{""featureId"":""ckb03u5b2157u0y9vb4bl6zv2"",""schemaId"":""ck9zxpazt0w110z6fh05vx2wq"",""title"":""Burnt area"",""value"":""burnt_area"",""color"":""#FF0000"",""instanceURI"":""https://api.labelbox.com/masks/feature/ckb03u5b2157u0y9vb4bl6zv2?token=eyJhbGciOiJIUzI1NiIsInR5cCI6IkpXVCJ9.eyJ1c2VySWQiOiJjazkyNjcxYzBpbmNmMDc0MTV2a28yMHU5Iiwib3JnYW5pemF0aW9uSWQiOiJjazkyNjcxYjVpbmM5MDc0MTJ0YjEzeTY5IiwiaWF0IjoxNTkxMzA5MDE3LCJleHAiOjE1OTM5MDEwMTd9.bQk9GkhLHB-kRUp8qYs53QkuX8GprWcsUfCdKJ_K-3k""}],""classifications"":[]}",elejrv@stanford.edu,Wildfire,1591231686000,1591235827000,275.065,2MSI_20200130_S2-4.png,-1,-1,,,image_satellite_03_06_2020,[],https://editor.labelbox.com?project=ck9268gp3581e0712ckpk72uy&label=ckb029es9nac60753mx500amc
ckb029hdfnjby0721am7j3v5f,ckb024nv2utx30ap89zxiaw9b,https://storage.labelbox.com/ck92671b5inc907412tb13y69%2F94b7ae25-31d3-7370-8538-76e6ebf9f537-2MSI_20200224_S2-2.png?Expires=1592518618033&KeyName=labelbox-assets-key-1&Signature=ytVKp5yWtr5RKV7yDvZfuHwlr4A,"{""objects"":[{""featureId"":""ckb03rd7g010g0ydj7y7c9oah"",""schemaId"":""ck9zxpazt0w110z6fh05vx2wq"",""title"":""Burnt area"",""value"":""burnt_area"",""color"":""#FF0000"",""instanceURI"":""https://api.labelbox.com/masks/feature/ckb03rd7g010g0ydj7y7c9oah?token=eyJhbGciOiJIUzI1NiIsInR5cCI6IkpXVCJ9.eyJ1c2VySWQiOiJjazkyNjcxYzBpbmNmMDc0MTV2a28yMHU5Iiwib3JnYW5pemF0aW9uSWQiOiJjazkyNjcxYjVpbmM5MDc0MTJ0YjEzeTY5IiwiaWF0IjoxNTkxMzA5MDE3LCJleHAiOjE1OTM5MDEwMTd9.bQk9GkhLHB-kRUp8qYs53QkuX8GprWcsUfCdKJ_K-3k""}],""classifications"":[]}",elejrv@stanford.edu,Wildfire,1591231689000,1591236300000,149.373,2MSI_20200224_S2-2.png,-1,-1,,,image_satellite_03_06_2020,[],https://editor.labelbox.com?project=ck9268gp3581e0712ckpk72uy&label=ckb029hdfnjby0721am7j3v5f
ckb029unqnf9t074432cxv46u,ckb024nv2utxf0ap89fysgbt7,https://storage.labelbox.com/ck92671b5inc907412tb13y69%2Ffedc1a63-e84b-f1b5-d4c7-c573f3edcffc-2MSI_20200320_S2-2.png?Expires=1592518618033&KeyName=labelbox-assets-key-1&Signature=Sw4eGbXcc3WNWOzAR8QV6sBtz60,"{""objects"":[{""featureId"":""ckb03nh5115350y9v89ou7rov"",""schemaId"":""ck9zxpazt0w110z6fh05vx2wq"",""title"":""Burnt area"",""value"":""burnt_area"",""color"":""#FF0000"",""instanceURI"":""https://api.labelbox.com/masks/feature/ckb03nh5115350y9v89ou7rov?token=eyJhbGciOiJIUzI1NiIsInR5cCI6IkpXVCJ9.eyJ1c2VySWQiOiJjazkyNjcxYzBpbmNmMDc0MTV2a28yMHU5Iiwib3JnYW5pemF0aW9uSWQiOiJjazkyNjcxYjVpbmM5MDc0MTJ0YjEzeTY5IiwiaWF0IjoxNTkxMzA5MDE3LCJleHAiOjE1OTM5MDEwMTd9.bQk9GkhLHB-kRUp8qYs53QkuX8GprWcsUfCdKJ_K-3k""}],""classifications"":[]}",elejrv@stanford.edu,Wildfire,1591231706000,1591236299000,234.204,2MSI_20200320_S2-2.png,-1,-1,,,image_satellite_03_06_2020,[],https://editor.labelbox.com?project=ck9268gp3581e0712ckpk72uy&label=ckb029unqnf9t074432cxv46u
ckb029wt3njh20721rw0wqc9i,ckb024nv0utvj0ap83ggrcltm,https://storage.labelbox.com/ck92671b5inc907412tb13y69%2Fa8422e57-6dc0-b1af-51ed-a47911425a00-2MSI_20191226_S2-5.png?Expires=1592518618034&KeyName=labelbox-assets-key-1&Signature=l9rdIBbEWmbIpM8k7NvYLchI-3w,"{""objects"":[{""featureId"":""ckb03ep2t12vn0yeubw70d2gp"",""schemaId"":""ck9zxpazt0w110z6fh05vx2wq"",""title"":""Burnt area"",""value"":""burnt_area"",""color"":""#FF0000"",""instanceURI"":""https://api.labelbox.com/masks/feature/ckb03ep2t12vn0yeubw70d2gp?token=eyJhbGciOiJIUzI1NiIsInR5cCI6IkpXVCJ9.eyJ1c2VySWQiOiJjazkyNjcxYzBpbmNmMDc0MTV2a28yMHU5Iiwib3JnYW5pemF0aW9uSWQiOiJjazkyNjcxYjVpbmM5MDc0MTJ0YjEzeTY5IiwiaWF0IjoxNTkxMzA5MDE3LCJleHAiOjE1OTM5MDEwMTd9.bQk9GkhLHB-kRUp8qYs53QkuX8GprWcsUfCdKJ_K-3k""}],""classifications"":[]}",elejrv@stanford.edu,Wildfire,1591231709000,1591236226000,394.324,2MSI_20191226_S2-5.png,-1,-1,,,image_satellite_03_06_2020,[],https://editor.labelbox.com?project=ck9268gp3581e0712ckpk72uy&label=ckb029wt3njh20721rw0wqc9i
ckb029y1xnah10753le6fbxsx,ckb024nv0utvv0ap84b47gtd2,https://storage.labelbox.com/ck92671b5inc907412tb13y69%2F8497b464-55bb-7c3c-8bb1-bbf675b7c849-2MSI_20191226_S2-8.png?Expires=1592518618034&KeyName=labelbox-assets-key-1&Signature=ea2_CenvECSgig-SXPonD8XmXBw,"{""objects"":[{""featureId"":""ckb0382fb14nr0y9v6opebvbi"",""schemaId"":""ck9zxpazt0w110z6fh05vx2wq"",""title"":""Burnt area"",""value"":""burnt_area"",""color"":""#FF0000"",""instanceURI"":""https://api.labelbox.com/masks/feature/ckb0382fb14nr0y9v6opebvbi?token=eyJhbGciOiJIUzI1NiIsInR5cCI6IkpXVCJ9.eyJ1c2VySWQiOiJjazkyNjcxYzBpbmNmMDc0MTV2a28yMHU5Iiwib3JnYW5pemF0aW9uSWQiOiJjazkyNjcxYjVpbmM5MDc0MTJ0YjEzeTY5IiwiaWF0IjoxNTkxMzA5MDE3LCJleHAiOjE1OTM5MDEwMTd9.bQk9GkhLHB-kRUp8qYs53QkuX8GprWcsUfCdKJ_K-3k""}],""classifications"":[]}",elejrv@stanford.edu,Wildfire,1591231711000,1591233664000,284.174,2MSI_20191226_S2-8.png,-1,-1,,,image_satellite_03_06_2020,[],https://editor.labelbox.com?project=ck9268gp3581e0712ckpk72uy&label=ckb029y1xnah10753le6fbxsx
ckb02a08znisd0755etwx2kz7,ckb024nv2utw70ap877wt17iu,https://storage.labelbox.com/ck92671b5inc907412tb13y69%2F2c0a4308-31b7-2fc4-078b-81b83a090dfc-2MSI_20191226_S2-11.png?Expires=1592518618034&KeyName=labelbox-assets-key-1&Signature=v3WStPfaTWjeghAHQvDpNo-4Nh4,{},elejrv@stanford.edu,Wildfire,1591231714000,1591236220000,21.193,2MSI_20191226_S2-11.png,-1,-1,,,image_satellite_03_06_2020,[],https://editor.labelbox.com?project=ck9268gp3581e0712ckpk72uy&label=ckb02a08znisd0755etwx2kz7
ckb02a1z5njxx0712z0p8pwpi,ckb024nv2utwj0ap83e58emzu,https://storage.labelbox.com/ck92671b5inc907412tb13y69%2Fcebd1dc6-ff36-c991-fba7-25a4ae7886ab-2MSI_20200130_S2-2.png?Expires=1592518618035&KeyName=labelbox-assets-key-1&Signature=WgxqsjMz9XvedLRpzvG66DauxS4,"{""objects"":[{""featureId"":""ckb035pz317iu0ybwg08rgxc5"",""schemaId"":""ck9zxpazt0w110z6fh05vx2wq"",""title"":""Burnt area"",""value"":""burnt_area"",""color"":""#FF0000"",""instanceURI"":""https://api.labelbox.com/masks/feature/ckb035pz317iu0ybwg08rgxc5?token=eyJhbGciOiJIUzI1NiIsInR5cCI6IkpXVCJ9.eyJ1c2VySWQiOiJjazkyNjcxYzBpbmNmMDc0MTV2a28yMHU5Iiwib3JnYW5pemF0aW9uSWQiOiJjazkyNjcxYjVpbmM5MDc0MTJ0YjEzeTY5IiwiaWF0IjoxNTkxMzA5MDE3LCJleHAiOjE1OTM5MDEwMTd9.bQk9GkhLHB-kRUp8qYs53QkuX8GprWcsUfCdKJ_K-3k""}],""classifications"":[]}",elejrv@stanford.edu,Wildfire,1591231716000,1591236299000,113.806,2MSI_20200130_S2-2.png,-1,-1,,,image_satellite_03_06_2020,[],https://editor.labelbox.com?project=ck9268gp3581e0712ckpk72uy&label=ckb02a1z5njxx0712z0p8pwpi
ckb02a4stniu50755410kyy9a,ckb024nv2utwv0ap8dn4cc35k,https://storage.labelbox.com/ck92671b5inc907412tb13y69%2F91f44c36-dc63-dcb4-a1ca-b8da161ed969-2MSI_20200130_S2-5.png?Expires=1592518618035&KeyName=labelbox-assets-key-1&Signature=EH-HXpisYkZPvOSPlcYGgtCk6GI,"{""objects"":[{""featureId"":""ckb0306pw12h00yeud31b4ruw"",""schemaId"":""ck9zxpazt0w110z6fh05vx2wq"",""title"":""Burnt area"",""value"":""burnt_area"",""color"":""#FF0000"",""instanceURI"":""https://api.labelbox.com/masks/feature/ckb0306pw12h00yeud31b4ruw?token=eyJhbGciOiJIUzI1NiIsInR5cCI6IkpXVCJ9.eyJ1c2VySWQiOiJjazkyNjcxYzBpbmNmMDc0MTV2a28yMHU5Iiwib3JnYW5pemF0aW9uSWQiOiJjazkyNjcxYjVpbmM5MDc0MTJ0YjEzeTY5IiwiaWF0IjoxNTkxMzA5MDE3LCJleHAiOjE1OTM5MDEwMTd9.bQk9GkhLHB-kRUp8qYs53QkuX8GprWcsUfCdKJ_K-3k""}],""classifications"":[]}",elejrv@stanford.edu,Wildfire,1591231720000,1591236183000,278.366,2MSI_20200130_S2-5.png,-1,-1,,,image_satellite_03_06_2020,[],https://editor.labelbox.com?project=ck9268gp3581e0712ckpk72uy&label=ckb02a4stniu50755410kyy9a
ckb02a83dniux0755oz6b2cob,ckb024nv2utx70ap85d8yhhen,https://storage.labelbox.com/ck92671b5inc907412tb13y69%2F809bf6cd-ba6e-187b-bd63-fe04d7f8c97f-2MSI_20200315_S2.png?Expires=1592518618036&KeyName=labelbox-assets-key-1&Signature=hNRiBSQN0w82uAmG8LYxQflDj18,"{""objects"":[{""featureId"":""ckb02rmz2004x0ydj6fjmbwzm"",""schemaId"":""ck9zxpazt0w110z6fh05vx2wq"",""title"":""Burnt area"",""value"":""burnt_area"",""color"":""#FF0000"",""instanceURI"":""https://api.labelbox.com/masks/feature/ckb02rmz2004x0ydj6fjmbwzm?token=eyJhbGciOiJIUzI1NiIsInR5cCI6IkpXVCJ9.eyJ1c2VySWQiOiJjazkyNjcxYzBpbmNmMDc0MTV2a28yMHU5Iiwib3JnYW5pemF0aW9uSWQiOiJjazkyNjcxYjVpbmM5MDc0MTJ0YjEzeTY5IiwiaWF0IjoxNTkxMzA5MDE3LCJleHAiOjE1OTM5MDEwMTd9.bQk9GkhLHB-kRUp8qYs53QkuX8GprWcsUfCdKJ_K-3k""}],""classifications"":[]}",elejrv@stanford.edu,Wildfire,1591231724000,1591236183000,416.785,2MSI_20200315_S2.png,-1,-1,,,image_satellite_03_06_2020,[],https://editor.labelbox.com?project=ck9268gp3581e0712ckpk72uy&label=ckb02a83dniux0755oz6b2cob
ckb02a977nivk0755vg852uh8,ckb024nv2utxj0ap8fxbq2fs5,https://storage.labelbox.com/ck92671b5inc907412tb13y69%2F6efcd886-b478-482c-7cfb-e87fbbae26b3-2MSI_20200320_S2-3.png?Expires=1592518618036&KeyName=labelbox-assets-key-1&Signature=FgAcugiz8XRybV8kHV6BTIPmCm0,"{""objects"":[{""featureId"":""ckb02bct516xb0ybwcnys0rwx"",""schemaId"":""ck9zxpazt0w110z6fh05vx2wq"",""title"":""Burnt area"",""value"":""burnt_area"",""color"":""#FF0000"",""instanceURI"":""https://api.labelbox.com/masks/feature/ckb02bct516xb0ybwcnys0rwx?token=eyJhbGciOiJIUzI1NiIsInR5cCI6IkpXVCJ9.eyJ1c2VySWQiOiJjazkyNjcxYzBpbmNmMDc0MTV2a28yMHU5Iiwib3JnYW5pemF0aW9uSWQiOiJjazkyNjcxYjVpbmM5MDc0MTJ0YjEzeTY5IiwiaWF0IjoxNTkxMzA5MDE3LCJleHAiOjE1OTM5MDEwMTd9.bQk9GkhLHB-kRUp8qYs53QkuX8GprWcsUfCdKJ_K-3k""}],""classifications"":[]}",elejrv@stanford.edu,Wildfire,1591231725000,1591236182000,336.17,2MSI_20200320_S2-3.png,-1,-1,,,image_satellite_03_06_2020,[],https://editor.labelbox.com?project=ck9268gp3581e0712ckpk72uy&label=ckb02a977nivk0755vg852uh8
ckb02adeqnk0l0712jji2r2mi,ckb024nv0utvb0ap861pnhczv,https://storage.labelbox.com/ck92671b5inc907412tb13y69%2F1d203baa-2fca-3519-5396-7929f888897b-2MSI_20191226_S2-3.png?Expires=1592518618036&KeyName=labelbox-assets-key-1&Signature=H8WPxpO7iQNnviusinNqJrye9fo,{},elejrv@stanford.edu,Wildfire,1591231731000,1591231760000,16.849,2MSI_20191226_S2-3.png,-1,-1,,,image_satellite_03_06_2020,[],https://editor.labelbox.com?project=ck9268gp3581e0712ckpk72uy&label=ckb02adeqnk0l0712jji2r2mi
